Type,Log Entry
Movie,"2024-03-08T23:06:09,422004,GET /data/m/dear+zachary+a+letter+to+a+son+about+his+father+2008/84.mpg"
Movie,"2024-03-08T23:06:09,467160,GET /data/m/japanese+story+2003/49.mpg"
Movie,"2024-03-08T23:06:09,338269,GET /data/m/the+godfather+part+ii+1974/93.mpg"
Movie,"2024-03-08T23:06:09,517284,GET /data/m/eddie+izzard+glorious+1997/100.mpg"
Movie,"2024-03-08T23:06:09,385509,GET /data/m/lila++eve+2015/10.mpg"
Movie,"2024-03-08T23:06:09,148685,GET /data/m/the+godfather+1972/132.mpg"
Movie,"2024-03-08T23:06:09,556157,GET /data/m/dilwale+dulhania+le+jayenge+1995/40.mpg"
Movie,"2024-03-08T23:06:09,280973,GET /data/m/one+flew+over+the+cuckoos+nest+1975/131.mpg"
Movie,"2024-03-08T23:06:09,455124,GET /data/m/nirvana+1997/65.mpg"
Movie,"2024-03-08T23:06:09,13099,GET /data/m/spirited+away+2001/32.mpg"
Movie,"2024-03-08T23:06:09,369113,GET /data/m/electric+shadows+2004/25.mpg"
Movie,"2024-03-08T23:06:09,11111,GET /data/m/troy+2004/133.mpg"
Movie,"2024-03-08T23:06:09,12436,GET /data/m/the+black+power+mixtape+1967-1975+2011/18.mpg"
Movie,"2024-03-08T23:06:09,475616,GET /data/m/spirited+away+2001/14.mpg"
Movie,"2024-03-08T23:06:09,594362,GET /data/m/bad+guy+2002/98.mpg"
Movie,"2024-03-08T23:06:09,70817,GET /data/m/touchez+pas+au+grisbi+1954/7.mpg"
Movie,"2024-03-08T23:06:09,602482,GET /data/m/silent+souls+2010/20.mpg"
Movie,"2024-03-08T23:06:09,76814,GET /data/m/harry+potter+and+the+philosophers+stone+2001/107.mpg"
Movie,"2024-03-08T23:06:09,663650,GET /data/m/stavisky+1974/50.mpg"
Movie,"2024-03-08T23:06:09,368610,GET /data/m/one+flew+over+the+cuckoos+nest+1975/125.mpg"
Movie,"2024-03-08T23:06:09,476478,GET /data/m/one+flew+over+the+cuckoos+nest+1975/81.mpg"
Movie,"2024-03-08T23:06:09,90684,GET /data/m/phaedra+1962/28.mpg"
Movie,"2024-03-08T23:06:09,42987,GET /data/m/dear+zachary+a+letter+to+a+son+about+his+father+2008/31.mpg"
Movie,"2024-03-08T23:06:09,455578,GET /data/m/dilwale+dulhania+le+jayenge+1995/157.mpg"
Movie,"2024-03-08T23:06:09,535489,GET /data/m/the+godfather+1972/1.mpg"
Movie,"2024-03-08T23:06:09,550853,GET /data/m/berserk+the+golden+age+arc+3+-+the+advent+2013/97.mpg"
Movie,"2024-03-08T23:06:09,139191,GET /data/m/dilwale+dulhania+le+jayenge+1995/76.mpg"
Movie,"2024-03-08T23:06:09,371228,GET /data/m/spirited+away+2001/94.mpg"
Movie,"2024-03-08T23:06:09,597882,GET /data/m/keith+2008/54.mpg"
Movie,"2024-03-08T23:06:09,379487,GET /data/m/constantine+2005/57.mpg"
Movie,"2024-03-08T23:06:09,394651,GET /data/m/dilwale+dulhania+le+jayenge+1995/156.mpg"
Movie,"2024-03-08T23:06:09,87623,GET /data/m/the+mask+1994/81.mpg"
Movie,"2024-03-08T23:06:09,208303,GET /data/m/the+godfather+1972/112.mpg"
Movie,"2024-03-08T23:06:09,109135,GET /data/m/dear+zachary+a+letter+to+a+son+about+his+father+2008/65.mpg"
Movie,"2024-03-08T23:06:09,326613,GET /data/m/dilwale+dulhania+le+jayenge+1995/89.mpg"
Movie,"2024-03-08T23:06:09,173104,GET /data/m/psycho+1960/50.mpg"
Movie,"2024-03-08T23:06:09,4490,GET /data/m/psycho+1960/100.mpg"
Movie,"2024-03-08T23:06:09,238994,GET /data/m/the+conspiracy+2012/7.mpg"
Movie,"2024-03-08T23:06:09,185249,GET /data/m/the+godfather+1972/49.mpg"
Movie,"2024-03-08T23:06:09,597163,GET /data/m/spirited+away+2001/78.mpg"
Movie,"2024-03-08T23:06:09,104618,GET /data/m/the+shawshank+redemption+1994/80.mpg"
Movie,"2024-03-08T23:06:09,449961,GET /data/m/one+flew+over+the+cuckoos+nest+1975/108.mpg"
Movie,"2024-03-08T23:06:09,665233,GET /data/m/spirited+away+2001/96.mpg"
Movie,"2024-03-08T23:06:09,267577,GET /data/m/week-end+at+the+waldorf+1945/85.mpg"
Movie,"2024-03-08T23:06:09,548643,GET /data/m/the+godfather+1972/154.mpg"
Movie,"2024-03-08T23:06:09,125055,GET /data/m/all+the+right+moves+1983/49.mpg"
Movie,"2024-03-08T23:06:09,409242,GET /data/m/the+godfather+part+ii+1974/133.mpg"
Movie,"2024-03-08T23:06:09,341089,GET /data/m/the+godfather+1972/73.mpg"
Movie,"2024-03-08T23:06:09,576130,GET /data/m/the+godfather+1972/18.mpg"
Movie,"2024-03-08T23:06:09,43154,GET /data/m/the+imitation+game+2014/58.mpg"
Movie,"2024-03-08T23:06:09,314059,GET /data/m/in+the+soup+1992/5.mpg"
Movie,"2024-03-08T23:06:09,541029,GET /data/m/the+shawshank+redemption+1994/74.mpg"
Movie,"2024-03-08T23:06:09,326428,GET /data/m/the+good_+the+bad+and+the+ugly+1966/90.mpg"
Movie,"2024-03-08T23:06:09,631382,GET /data/m/dilwale+dulhania+le+jayenge+1995/156.mpg"
Movie,"2024-03-08T23:06:09,482618,GET /data/m/frozen+planet+2011/139.mpg"
Movie,"2024-03-08T23:06:09,264420,GET /data/m/the+godfather+1972/71.mpg"
Movie,"2024-03-08T23:06:09,499088,GET /data/m/psycho+1960/66.mpg"
Movie,"2024-03-08T23:06:09,156367,GET /data/m/dear+zachary+a+letter+to+a+son+about+his+father+2008/29.mpg"
Movie,"2024-03-08T23:06:09,278716,GET /data/m/the+shawshank+redemption+1994/61.mpg"
Movie,"2024-03-08T23:06:09,615372,GET /data/m/franklyn+2008/69.mpg"
Movie,"2024-03-08T23:06:09,360381,GET /data/m/the+godfather+1972/62.mpg"
Movie,"2024-03-08T23:06:09,143587,GET /data/m/dilwale+dulhania+le+jayenge+1995/55.mpg"
Movie,"2024-03-08T23:06:09,375745,GET /data/m/dilwale+dulhania+le+jayenge+1995/188.mpg"
Movie,"2024-03-08T23:06:09,554423,GET /data/m/spirited+away+2001/83.mpg"
Movie,"2024-03-08T23:06:09,239711,GET /data/m/the+shawshank+redemption+1994/33.mpg"
Movie,"2024-03-08T23:06:09,654540,GET /data/m/spirited+away+2001/66.mpg"
Movie,"2024-03-08T23:06:09,548385,GET /data/m/dear+zachary+a+letter+to+a+son+about+his+father+2008/6.mpg"
Movie,"2024-03-08T23:06:09,631412,GET /data/m/spirited+away+2001/4.mpg"
Movie,"2024-03-08T23:06:09,296282,GET /data/m/one+flew+over+the+cuckoos+nest+1975/88.mpg"
Movie,"2024-03-08T23:06:09,499135,GET /data/m/master+and+commander+the+far+side+of+the+world+2003/37.mpg"
Movie,"2024-03-08T23:06:09,23707,GET /data/m/one+flew+over+the+cuckoos+nest+1975/89.mpg"
Movie,"2024-03-08T23:06:09,209199,GET /data/m/the+constant+nymph+1943/24.mpg"
Movie,"2024-03-08T23:06:09,349585,GET /data/m/dilwale+dulhania+le+jayenge+1995/38.mpg"
Movie,"2024-03-08T23:06:09,46773,GET /data/m/batman+gotham+knight+2008/11.mpg"
Movie,"2024-03-08T23:06:09,357108,GET /data/m/national+lampoons+christmas+vacation+1989/39.mpg"
Movie,"2024-03-08T23:06:09,366589,GET /data/m/dilwale+dulhania+le+jayenge+1995/89.mpg"
Movie,"2024-03-08T23:06:09,480881,GET /data/m/dear+zachary+a+letter+to+a+son+about+his+father+2008/94.mpg"
Movie,"2024-03-08T23:06:09,409285,GET /data/m/the+godfather+1972/162.mpg"
Movie,"2024-03-08T23:06:09,660181,GET /data/m/one+flew+over+the+cuckoos+nest+1975/45.mpg"
Movie,"2024-03-08T23:06:09,387745,GET /data/m/the+shawshank+redemption+1994/136.mpg"
Movie,"2024-03-08T23:06:09,35183,GET /data/m/once+upon+a+time+in+america+1984/117.mpg"
Movie,"2024-03-08T23:06:09,406829,GET /data/m/career+opportunities+1991/11.mpg"
Movie,"2024-03-08T23:06:09,245742,GET /data/m/snake++mongoose+2013/86.mpg"
Movie,"2024-03-08T23:06:09,439293,GET /data/m/forrest+gump+1994/118.mpg"
Movie,"2024-03-08T23:06:09,120517,GET /data/m/crooks+in+clover+1963/99.mpg"
Movie,"2024-03-08T23:06:09,103645,GET /data/m/the+godfather+1972/25.mpg"
Movie,"2024-03-08T23:06:09,250564,GET /data/m/world+on+a+wire+1973/60.mpg"
Movie,"2024-03-08T23:06:09,62563,GET /data/m/the+shawshank+redemption+1994/74.mpg"
Movie,"2024-03-08T23:06:09,205950,GET /data/m/life+is+beautiful+1997/41.mpg"
Movie,"2024-03-08T23:06:09,91145,GET /data/m/dear+zachary+a+letter+to+a+son+about+his+father+2008/14.mpg"
Movie,"2024-03-08T23:06:09,403562,GET /data/m/how+to+train+your+dragon+2+2014/36.mpg"
Movie,"2024-03-08T23:06:09,167877,GET /data/m/the+purple+plain+1954/50.mpg"
Movie,"2024-03-08T23:06:09,660956,GET /data/m/the+godfather+1972/65.mpg"
Movie,"2024-03-08T23:06:09,378069,GET /data/m/the+shawshank+redemption+1994/107.mpg"
Movie,"2024-03-08T23:06:09,48123,GET /data/m/terraferma+2011/24.mpg"
Movie,"2024-03-08T23:06:09,42196,GET /data/m/the+godfather+1972/30.mpg"
Recommendation,"2024-03-08T23:06:09.142093,665685,recommendation request 17645-team19.isri.cmu.edu:8082, status 200, result: dilwale+dulhania+le+jayenge+1995, the+godfather+1972, the+shawshank+redemption+1994, dear+zachary+a+letter+to+a+son+about+his+father+2008, one+flew+over+the+cuckoos+nest+1975, spirited+away+2001, life+is+beautiful+1997, psycho+1960, once+upon+a+time+in+america+1984, the+godfather+part+ii+1974, pulp+fiction+1994, fight+club+1999, whiplash+2014, schindlers+list+1993, the+dark+knight+2008, forrest+gump+1994, cinema+paradiso+1988, the+intouchables+2011, rear+window+1954, city+lights+1931, 44 ms"
Recommendation,"2024-03-08T23:06:09.190488,149301,recommendation request 17645-team19.isri.cmu.edu:8082, status 200, result: dilwale+dulhania+le+jayenge+1995, the+godfather+1972, the+shawshank+redemption+1994, dear+zachary+a+letter+to+a+son+about+his+father+2008, one+flew+over+the+cuckoos+nest+1975, spirited+away+2001, life+is+beautiful+1997, psycho+1960, once+upon+a+time+in+america+1984, the+godfather+part+ii+1974, pulp+fiction+1994, fight+club+1999, whiplash+2014, schindlers+list+1993, the+dark+knight+2008, forrest+gump+1994, cinema+paradiso+1988, the+intouchables+2011, rear+window+1954, city+lights+1931, 89 ms"
Recommendation,"2024-03-08T23:06:09.202266,23659,recommendation request 17645-team19.isri.cmu.edu:8082, status 200, result: dilwale+dulhania+le+jayenge+1995, the+godfather+1972, the+shawshank+redemption+1994, dear+zachary+a+letter+to+a+son+about+his+father+2008, one+flew+over+the+cuckoos+nest+1975, spirited+away+2001, life+is+beautiful+1997, psycho+1960, once+upon+a+time+in+america+1984, the+godfather+part+ii+1974, pulp+fiction+1994, fight+club+1999, whiplash+2014, schindlers+list+1993, the+dark+knight+2008, forrest+gump+1994, cinema+paradiso+1988, the+intouchables+2011, rear+window+1954, city+lights+1931, 102 ms"
Recommendation,"2024-03-08T23:06:09.246029,629926,recommendation request 17645-team19.isri.cmu.edu:8082, status 200, result: dilwale+dulhania+le+jayenge+1995, the+godfather+1972, the+shawshank+redemption+1994, dear+zachary+a+letter+to+a+son+about+his+father+2008, one+flew+over+the+cuckoos+nest+1975, spirited+away+2001, life+is+beautiful+1997, psycho+1960, once+upon+a+time+in+america+1984, the+godfather+part+ii+1974, pulp+fiction+1994, fight+club+1999, whiplash+2014, schindlers+list+1993, the+dark+knight+2008, forrest+gump+1994, cinema+paradiso+1988, the+intouchables+2011, rear+window+1954, city+lights+1931, 147 ms"
Recommendation,"2024-03-08T23:06:09.287847,97254,recommendation request 17645-team19.isri.cmu.edu:8082, status 200, result: dilwale+dulhania+le+jayenge+1995, the+godfather+1972, the+shawshank+redemption+1994, dear+zachary+a+letter+to+a+son+about+his+father+2008, one+flew+over+the+cuckoos+nest+1975, spirited+away+2001, life+is+beautiful+1997, psycho+1960, once+upon+a+time+in+america+1984, the+godfather+part+ii+1974, pulp+fiction+1994, fight+club+1999, whiplash+2014, schindlers+list+1993, the+dark+knight+2008, forrest+gump+1994, cinema+paradiso+1988, the+intouchables+2011, rear+window+1954, city+lights+1931, 184 ms"
Recommendation,"2024-03-08T23:06:09.308336,490440,recommendation request 17645-team19.isri.cmu.edu:8082, status 200, result: dilwale+dulhania+le+jayenge+1995, the+godfather+1972, the+shawshank+redemption+1994, dear+zachary+a+letter+to+a+son+about+his+father+2008, one+flew+over+the+cuckoos+nest+1975, spirited+away+2001, life+is+beautiful+1997, psycho+1960, once+upon+a+time+in+america+1984, the+godfather+part+ii+1974, pulp+fiction+1994, fight+club+1999, whiplash+2014, schindlers+list+1993, the+dark+knight+2008, forrest+gump+1994, cinema+paradiso+1988, the+intouchables+2011, rear+window+1954, city+lights+1931, 206 ms"
Movie,"2024-03-08T23:06:10,368006,GET /data/m/cruel+gun+story+1964/88.mpg"
Movie,"2024-03-08T23:06:10,221360,GET /data/m/the+godfather+part+ii+1974/32.mpg"
Movie,"2024-03-08T23:06:10,201719,GET /data/m/the+importance+of+being+earnest+2002/3.mpg"
Movie,"2024-03-08T23:06:10,317929,GET /data/m/dear+zachary+a+letter+to+a+son+about+his+father+2008/6.mpg"
Movie,"2024-03-08T23:06:10,575554,GET /data/m/the+shawshank+redemption+1994/115.mpg"
Movie,"2024-03-08T23:06:10,141353,GET /data/m/the+godfather+1972/9.mpg"
Movie,"2024-03-08T23:06:10,377525,GET /data/m/life+is+beautiful+1997/61.mpg"
Movie,"2024-03-08T23:06:10,233500,GET /data/m/life+is+beautiful+1997/26.mpg"
Movie,"2024-03-08T23:06:10,332203,GET /data/m/one+flew+over+the+cuckoos+nest+1975/24.mpg"
Movie,"2024-03-08T23:06:10,513869,GET /data/m/the+shawshank+redemption+1994/18.mpg"
Movie,"2024-03-08T23:06:10,91343,GET /data/m/last+stop+174+2008/79.mpg"
Movie,"2024-03-08T23:06:10,257198,GET /data/m/the+invisible+war+2012/34.mpg"
Movie,"2024-03-08T23:06:10,342395,GET /data/m/dilwale+dulhania+le+jayenge+1995/27.mpg"
Movie,"2024-03-08T23:06:10,502411,GET /data/m/the+godfather+1972/166.mpg"
Movie,"2024-03-08T23:06:10,517148,GET /data/m/once+upon+a+time+in+america+1984/108.mpg"
Movie,"2024-03-08T23:06:10,384379,GET /data/m/dumbo+1941/58.mpg"
Movie,"2024-03-08T23:06:10,3906,GET /data/m/back+to+the+future+1985/60.mpg"
Movie,"2024-03-08T23:06:10,64877,GET /data/m/ponyo+2008/79.mpg"
Movie,"2024-03-08T23:06:10,151972,GET /data/m/the+shawshank+redemption+1994/53.mpg"
Movie,"2024-03-08T23:06:10,520918,GET /data/m/one+flew+over+the+cuckoos+nest+1975/132.mpg"
Movie,"2024-03-08T23:06:10,141794,GET /data/m/dilwale+dulhania+le+jayenge+1995/64.mpg"
Movie,"2024-03-08T23:06:10,250999,GET /data/m/the+shawshank+redemption+1994/71.mpg"
Movie,"2024-03-08T23:06:10,414663,GET /data/m/the+shawshank+redemption+1994/74.mpg"
Movie,"2024-03-08T23:06:10,305759,GET /data/m/the+godfather+1972/175.mpg"
Movie,"2024-03-08T23:06:10,494773,GET /data/m/open+your+eyes+1997/104.mpg"
Movie,"2024-03-08T23:06:10,373949,GET /data/m/dilwale+dulhania+le+jayenge+1995/118.mpg"
Movie,"2024-03-08T23:06:10,27724,GET /data/m/dilwale+dulhania+le+jayenge+1995/161.mpg"
Movie,"2024-03-08T23:06:10,306940,GET /data/m/oh+what+a+lovely+war+1969/31.mpg"
Movie,"2024-03-08T23:06:10,332008,GET /data/m/the+shawshank+redemption+1994/137.mpg"
Movie,"2024-03-08T23:06:10,479956,GET /data/m/dear+zachary+a+letter+to+a+son+about+his+father+2008/36.mpg"
Movie,"2024-03-08T23:06:10,17733,GET /data/m/fuel+2009/91.mpg"
Movie,"2024-03-08T23:06:10,25744,GET /data/m/regeneration+1915/37.mpg"
Movie,"2024-03-08T23:06:10,250072,GET /data/m/dilwale+dulhania+le+jayenge+1995/127.mpg"
Movie,"2024-03-08T23:06:10,547608,GET /data/m/the+godfather+1972/67.mpg"
Movie,"2024-03-08T23:06:10,596059,GET /data/m/dilwale+dulhania+le+jayenge+1995/89.mpg"
Movie,"2024-03-08T23:06:10,9547,GET /data/m/the+shawshank+redemption+1994/21.mpg"
Movie,"2024-03-08T23:06:10,518898,GET /data/m/the+firm+1993/140.mpg"
Movie,"2024-03-08T23:06:10,23052,GET /data/m/the+shawshank+redemption+1994/55.mpg"
Movie,"2024-03-08T23:06:10,112594,GET /data/m/kaboom+2010/73.mpg"
Movie,"2024-03-08T23:06:10,622733,GET /data/m/pirates+of+the+caribbean+the+curse+of+the+black+pearl+2003/103.mpg"
Movie,"2024-03-08T23:06:10,304096,GET /data/m/jazz+2001/865.mpg"
Movie,"2024-03-08T23:06:10,278746,GET /data/m/the+godfather+1972/120.mpg"
Movie,"2024-03-08T23:06:10,459006,GET /data/m/dilwale+dulhania+le+jayenge+1995/114.mpg"
Movie,"2024-03-08T23:06:10,168915,GET /data/m/harry+potter+and+the+half-blood+prince+2009/49.mpg"
Movie,"2024-03-08T23:06:10,164342,GET /data/m/dolphin+tale+2+2014/7.mpg"
Movie,"2024-03-08T23:06:10,334845,GET /data/m/the+godfather+1972/80.mpg"
Movie,"2024-03-08T23:06:10,548778,GET /data/m/the+godfather+1972/41.mpg"
Movie,"2024-03-08T23:06:10,595571,GET /data/m/explorers+1985/99.mpg"
Movie,"2024-03-08T23:06:10,374552,GET /data/m/dilwale+dulhania+le+jayenge+1995/93.mpg"
Movie,"2024-03-08T23:06:10,577294,GET /data/m/prisoners+2013/17.mpg"
Movie,"2024-03-08T23:06:10,350221,GET /data/m/american+mary+2012/15.mpg"
Movie,"2024-03-08T23:06:10,285259,GET /data/m/one+flew+over+the+cuckoos+nest+1975/38.mpg"
Movie,"2024-03-08T23:06:10,421772,GET /data/m/mary+poppins+1964/122.mpg"
Movie,"2024-03-08T23:06:10,201048,GET /data/m/dilwale+dulhania+le+jayenge+1995/139.mpg"
Movie,"2024-03-08T23:06:10,117387,GET /data/m/the+raid+2+2014/29.mpg"
Movie,"2024-03-08T23:06:10,59216,GET /data/m/troy+2004/140.mpg"
Movie,"2024-03-08T23:06:10,543242,GET /data/m/the+godfather+1972/25.mpg"
Movie,"2024-03-08T23:06:10,599076,GET /data/m/dilwale+dulhania+le+jayenge+1995/56.mpg"
Movie,"2024-03-08T23:06:10,403441,GET /data/m/big+hero+6+2014/52.mpg"
Movie,"2024-03-08T23:06:10,200541,GET /data/m/the+lord+of+the+rings+the+return+of+the+king+2003/190.mpg"
Movie,"2024-03-08T23:06:10,398691,GET /data/m/the+godfather+1972/175.mpg"
Movie,"2024-03-08T23:06:10,255110,GET /data/m/spirited+away+2001/13.mpg"
Movie,"2024-03-08T23:06:10,607942,GET /data/m/the+godfather+1972/38.mpg"
Movie,"2024-03-08T23:06:10,334512,GET /data/m/johns+1996/77.mpg"
Movie,"2024-03-08T23:06:10,180384,GET /data/m/thunderball+1965/90.mpg"
Movie,"2024-03-08T23:06:10,472926,GET /data/m/the+shawshank+redemption+1994/48.mpg"
Movie,"2024-03-08T23:06:10,434956,GET /data/m/notorious+1946/65.mpg"
Movie,"2024-03-08T23:06:10,175855,GET /data/m/the+godfather+1972/155.mpg"
Movie,"2024-03-08T23:06:10,102091,GET /data/m/the+godfather+part+ii+1974/21.mpg"
Movie,"2024-03-08T23:06:10,360713,GET /data/m/the+shawshank+redemption+1994/13.mpg"
Movie,"2024-03-08T23:06:10,125392,GET /data/m/the+godfather+1972/157.mpg"
Movie,"2024-03-08T23:06:10,544732,GET /data/m/the+godfather+1972/86.mpg"
Movie,"2024-03-08T23:06:10,480682,GET /data/m/dear+zachary+a+letter+to+a+son+about+his+father+2008/30.mpg"
Movie,"2024-03-08T23:06:10,396076,GET /data/m/down+and+out+in+beverly+hills+1986/70.mpg"
Movie,"2024-03-08T23:06:10,205652,GET /data/m/10+things+i+hate+about+you+1999/29.mpg"
Movie,"2024-03-08T23:06:10,83058,GET /data/m/one+flew+over+the+cuckoos+nest+1975/86.mpg"
Movie,"2024-03-08T23:06:10,467701,GET /data/m/dilwale+dulhania+le+jayenge+1995/48.mpg"
Movie,"2024-03-08T23:06:10,23984,GET /data/m/gentleman+jim+1942/42.mpg"
Movie,"2024-03-08T23:06:10,572670,GET /data/m/the+godfather+1972/22.mpg"
Movie,"2024-03-08T23:06:10,214988,GET /data/m/the+godfather+1972/77.mpg"
Movie,"2024-03-08T23:06:10,80866,GET /data/m/the+shawshank+redemption+1994/97.mpg"
Movie,"2024-03-08T23:06:10,132162,GET /data/m/all+the+presidents+men+1976/75.mpg"
Movie,"2024-03-08T23:06:10,620660,GET /data/m/dilwale+dulhania+le+jayenge+1995/86.mpg"
Movie,"2024-03-08T23:06:10,430496,GET /data/m/dear+zachary+a+letter+to+a+son+about+his+father+2008/92.mpg"
Movie,"2024-03-08T23:06:10,143607,GET /data/m/dear+zachary+a+letter+to+a+son+about+his+father+2008/83.mpg"
Movie,"2024-03-08T23:06:10,474348,GET /data/m/everlasting+moments+2008/122.mpg"
Movie,"2024-03-08T23:06:10,516494,GET /data/m/laws+of+gravity+1992/37.mpg"
Movie,"2024-03-08T23:06:10,100536,GET /data/m/galaxy+quest+1999/53.mpg"
Movie,"2024-03-08T23:06:10,618280,GET /data/m/pusher+iii+im+the+angel+of+death+2005/35.mpg"
Movie,"2024-03-08T23:06:10,407898,GET /data/m/the+shawshank+redemption+1994/120.mpg"
Movie,"2024-03-08T23:06:10,80518,GET /data/m/like+father_+like+son+2013/112.mpg"
Movie,"2024-03-08T23:06:10,16979,GET /data/m/the+shawshank+redemption+1994/45.mpg"
Movie,"2024-03-08T23:06:10,16301,GET /data/m/one+flew+over+the+cuckoos+nest+1975/61.mpg"
Movie,"2024-03-08T23:06:10,97219,GET /data/m/the+godfather+1972/70.mpg"
Movie,"2024-03-08T23:06:10,526552,GET /data/m/saving+private+ryan+1998/170.mpg"
Movie,"2024-03-08T23:06:10,289874,GET /data/m/the+godfather+1972/24.mpg"
Movie,"2024-03-08T23:06:10,353977,GET /data/m/the+shawshank+redemption+1994/122.mpg"
Movie,"2024-03-08T23:06:10,281744,GET /data/m/life+is+beautiful+1997/46.mpg"
Movie,"2024-03-08T23:06:10,412338,GET /data/m/the+godfather+1972/160.mpg"
Movie,"2024-03-08T23:06:10,50377,GET /data/m/the+lord+of+the+rings+the+return+of+the+king+2003/179.mpg"
Movie,"2024-03-08T23:06:10,433369,GET /data/m/the+atomic+cafe+1982/81.mpg"
Movie,"2024-03-08T23:06:10,342768,GET /data/m/a+snake+of+june+2002/77.mpg"
Movie,"2024-03-08T23:06:10,31643,GET /data/m/the+terminator+1984/104.mpg"
Movie,"2024-03-08T23:06:10,506421,GET /data/m/dear+zachary+a+letter+to+a+son+about+his+father+2008/44.mpg"
Movie,"2024-03-08T23:06:10,539142,GET /data/m/the+godfather+1972/130.mpg"
Movie,"2024-03-08T23:06:10,84235,GET /data/m/the+shawshank+redemption+1994/95.mpg"
Movie,"2024-03-08T23:06:10,414890,GET /data/m/dawn+of+the+dead+1978/40.mpg"
Movie,"2024-03-08T23:06:10,156032,GET /data/m/the+godfather+1972/163.mpg"
Movie,"2024-03-08T23:06:10,656518,GET /data/m/dilwale+dulhania+le+jayenge+1995/144.mpg"
Movie,"2024-03-08T23:06:10,45154,GET /data/m/fight+club+1999/42.mpg"
Movie,"2024-03-08T23:06:10,100358,GET /data/m/water+for+elephants+2011/70.mpg"
Movie,"2024-03-08T23:06:10,96497,GET /data/m/dear+zachary+a+letter+to+a+son+about+his+father+2008/91.mpg"
Movie,"2024-03-08T23:06:10,396134,GET /data/m/the+shawshank+redemption+1994/10.mpg"
Movie,"2024-03-08T23:06:10,496253,GET /data/m/dear+zachary+a+letter+to+a+son+about+his+father+2008/31.mpg"
Movie,"2024-03-08T23:06:10,293251,GET /data/m/the+shawshank+redemption+1994/107.mpg"
Movie,"2024-03-08T23:06:10,250266,GET /data/m/robots+2005/75.mpg"
Movie,"2024-03-08T23:06:10,451469,GET /data/m/the+shawshank+redemption+1994/137.mpg"
Movie,"2024-03-08T23:06:10,354904,GET /data/m/pulp+fiction+1994/148.mpg"
Movie,"2024-03-08T23:06:10,579585,GET /data/m/the+godfather+1972/116.mpg"
Movie,"2024-03-08T23:06:10,327919,GET /data/m/dilwale+dulhania+le+jayenge+1995/179.mpg"
Movie,"2024-03-08T23:06:10,386463,GET /data/m/the+godfather+1972/56.mpg"
Movie,"2024-03-08T23:06:10,224276,GET /data/m/the+godfather+1972/110.mpg"
Movie,"2024-03-08T23:06:10,497740,GET /data/m/the+shawshank+redemption+1994/26.mpg"
Rating,"2024-03-08T23:06:10,245847,GET /rate/suicide+room+2011=5"
Movie,"2024-03-08T23:06:10,235467,GET /data/m/the+godfather+1972/23.mpg"
Movie,"2024-03-08T23:06:10,104462,GET /data/m/spirited+away+2001/14.mpg"
Movie,"2024-03-08T23:06:10,242616,GET /data/m/mister+lonely+2008/42.mpg"
Movie,"2024-03-08T23:06:10,432288,GET /data/m/the+godfather+1972/45.mpg"
Movie,"2024-03-08T23:06:10,663845,GET /data/m/dilwale+dulhania+le+jayenge+1995/84.mpg"
Movie,"2024-03-08T23:06:10,465076,GET /data/m/gladiator+2000/22.mpg"
Movie,"2024-03-08T23:06:10,20506,GET /data/m/one+flew+over+the+cuckoos+nest+1975/127.mpg"
Movie,"2024-03-08T23:06:10,48415,GET /data/m/dilwale+dulhania+le+jayenge+1995/43.mpg"
Movie,"2024-03-08T23:06:10,207549,GET /data/m/dear+zachary+a+letter+to+a+son+about+his+father+2008/31.mpg"
Movie,"2024-03-08T23:06:10,17268,GET /data/m/sinister+2012/3.mpg"
Movie,"2024-03-08T23:06:10,269526,GET /data/m/dilwale+dulhania+le+jayenge+1995/142.mpg"
Movie,"2024-03-08T23:06:10,93871,GET /data/m/the+godfather+1972/70.mpg"
Movie,"2024-03-08T23:06:10,422701,GET /data/m/the+godfather+1972/20.mpg"
Movie,"2024-03-08T23:06:10,320039,GET /data/m/the+shawshank+redemption+1994/44.mpg"
Movie,"2024-03-08T23:06:10,629266,GET /data/m/the+godfather+1972/150.mpg"
Movie,"2024-03-08T23:06:10,513902,GET /data/m/the+shawshank+redemption+1994/81.mpg"
Movie,"2024-03-08T23:06:10,214224,GET /data/m/the+shawshank+redemption+1994/46.mpg"
Movie,"2024-03-08T23:06:10,433753,GET /data/m/the+shawshank+redemption+1994/39.mpg"
Movie,"2024-03-08T23:06:10,345241,GET /data/m/the+godfather+1972/79.mpg"
Movie,"2024-03-08T23:06:10,230680,GET /data/m/dilwale+dulhania+le+jayenge+1995/81.mpg"
Movie,"2024-03-08T23:06:10,249601,GET /data/m/lupin+the+third+the+castle+of+cagliostro+1979/84.mpg"
Movie,"2024-03-08T23:06:10,465261,GET /data/m/psycho+1960/75.mpg"
Movie,"2024-03-08T23:06:10,602315,GET /data/m/the+godfather+1972/45.mpg"
Movie,"2024-03-08T23:06:10,217400,GET /data/m/the+matrix+1999/105.mpg"
Movie,"2024-03-08T23:06:10,423855,GET /data/m/the+godfather+1972/143.mpg"
Movie,"2024-03-08T23:06:10,366657,GET /data/m/the+shawshank+redemption+1994/54.mpg"
Movie,"2024-03-08T23:06:10,643998,GET /data/m/dilwale+dulhania+le+jayenge+1995/146.mpg"
Movie,"2024-03-08T23:06:10,322864,GET /data/m/the+godfather+1972/171.mpg"
Movie,"2024-03-08T23:06:10,532492,GET /data/m/when+darkness+falls+2006/25.mpg"
Movie,"2024-03-08T23:06:10,522611,GET /data/m/dilwale+dulhania+le+jayenge+1995/101.mpg"
Movie,"2024-03-08T23:06:10,237643,GET /data/m/the+shawshank+redemption+1994/31.mpg"
Movie,"2024-03-08T23:06:10,42062,GET /data/m/the+shawshank+redemption+1994/109.mpg"
Movie,"2024-03-08T23:06:10,582357,GET /data/m/dilwale+dulhania+le+jayenge+1995/133.mpg"
Movie,"2024-03-08T23:06:10,416766,GET /data/m/dear+zachary+a+letter+to+a+son+about+his+father+2008/27.mpg"
Movie,"2024-03-08T23:06:10,295398,GET /data/m/dilwale+dulhania+le+jayenge+1995/138.mpg"
Movie,"2024-03-08T23:06:10,661761,GET /data/m/life+is+beautiful+1997/34.mpg"
Movie,"2024-03-08T23:06:10,37250,GET /data/m/dilwale+dulhania+le+jayenge+1995/171.mpg"
Movie,"2024-03-08T23:06:10,90383,GET /data/m/malcolm+x+1992/161.mpg"
Movie,"2024-03-08T23:06:10,396034,GET /data/m/dilwale+dulhania+le+jayenge+1995/157.mpg"
Movie,"2024-03-08T23:06:10,228023,GET /data/m/one+flew+over+the+cuckoos+nest+1975/133.mpg"
Movie,"2024-03-08T23:06:10,318021,GET /data/m/life+is+beautiful+1997/48.mpg"
Movie,"2024-03-08T23:06:10,625859,GET /data/m/the+shawshank+redemption+1994/69.mpg"
Movie,"2024-03-08T23:06:10,434187,GET /data/m/max+manus+man+of+war+2008/81.mpg"
Movie,"2024-03-08T23:06:10,202538,GET /data/m/life+is+beautiful+1997/47.mpg"
Movie,"2024-03-08T23:06:10,583988,GET /data/m/cyclo+1995/115.mpg"
Movie,"2024-03-08T23:06:10,196520,GET /data/m/the+haunted+1991/86.mpg"
Movie,"2024-03-08T23:06:10,539123,GET /data/m/the+shawshank+redemption+1994/122.mpg"
Movie,"2024-03-08T23:06:10,239346,GET /data/m/the+shawshank+redemption+1994/94.mpg"
Movie,"2024-03-08T23:06:10,525069,GET /data/m/the+godfather+1972/125.mpg"
Movie,"2024-03-08T23:06:10,569592,GET /data/m/the+godfather+1972/22.mpg"
Movie,"2024-03-08T23:06:10,312384,GET /data/m/harry+potter+and+the+chamber+of+secrets+2002/4.mpg"
Movie,"2024-03-08T23:06:10,267018,GET /data/m/the+godfather+1972/71.mpg"
Movie,"2024-03-08T23:06:10,331008,GET /data/m/dilwale+dulhania+le+jayenge+1995/38.mpg"
Movie,"2024-03-08T23:06:10,523719,GET /data/m/one+flew+over+the+cuckoos+nest+1975/12.mpg"
Movie,"2024-03-08T23:06:10,305089,GET /data/m/the+godfather+1972/68.mpg"
Movie,"2024-03-08T23:06:10,261979,GET /data/m/star+trek+iv+the+voyage+home+1986/81.mpg"
Movie,"2024-03-08T23:06:10,92456,GET /data/m/miracle+2004/12.mpg"
Movie,"2024-03-08T23:06:10,181301,GET /data/m/gladiator+2000/120.mpg"
Movie,"2024-03-08T23:06:10,551823,GET /data/m/the+godfather+1972/38.mpg"
Movie,"2024-03-08T23:06:10,186973,GET /data/m/the+godfather+1972/120.mpg"
Movie,"2024-03-08T23:06:10,649788,GET /data/m/the+imitation+game+2014/21.mpg"
Movie,"2024-03-08T23:06:10,661584,GET /data/m/the+shawshank+redemption+1994/108.mpg"
Movie,"2024-03-08T23:06:10,212071,GET /data/m/harry+potter+and+the+half-blood+prince+2009/63.mpg"
Movie,"2024-03-08T23:06:10,221828,GET /data/m/the+song+remains+the+same+1976/30.mpg"
Movie,"2024-03-08T23:06:10,489663,GET /data/m/the+red+squirrel+1993/34.mpg"
Movie,"2024-03-08T23:06:10,409879,GET /data/m/alien+1979/45.mpg"
Movie,"2024-03-08T23:06:10,555286,GET /data/m/harry+potter+and+the+order+of+the+phoenix+2007/44.mpg"
Movie,"2024-03-08T23:06:10,555947,GET /data/m/encino+man+1992/3.mpg"
Movie,"2024-03-08T23:06:10,232701,GET /data/m/one+flew+over+the+cuckoos+nest+1975/86.mpg"
Movie,"2024-03-08T23:06:10,524476,GET /data/m/the+shawshank+redemption+1994/55.mpg"
Movie,"2024-03-08T23:06:10,152332,GET /data/m/dear+zachary+a+letter+to+a+son+about+his+father+2008/34.mpg"
Movie,"2024-03-08T23:06:10,18226,GET /data/m/the+godfather+1972/103.mpg"
Movie,"2024-03-08T23:06:10,37428,GET /data/m/dilwale+dulhania+le+jayenge+1995/61.mpg"
Movie,"2024-03-08T23:06:10,496688,GET /data/m/priceless+2006/5.mpg"
Movie,"2024-03-08T23:06:10,339240,GET /data/m/dilwale+dulhania+le+jayenge+1995/148.mpg"
Movie,"2024-03-08T23:06:10,532011,GET /data/m/psycho+1960/12.mpg"
Movie,"2024-03-08T23:06:10,496689,GET /data/m/the+green+mile+1999/115.mpg"
Movie,"2024-03-08T23:06:10,377974,GET /data/m/the+shawshank+redemption+1994/24.mpg"
Movie,"2024-03-08T23:06:10,327151,GET /data/m/spirit+trap+2005/12.mpg"
Movie,"2024-03-08T23:06:10,86358,GET /data/m/the+godfather+1972/158.mpg"
Movie,"2024-03-08T23:06:10,87019,GET /data/m/son+of+the+white+mare+1981/66.mpg"
Movie,"2024-03-08T23:06:10,66091,GET /data/m/the+shawshank+redemption+1994/64.mpg"
Movie,"2024-03-08T23:06:10,69454,GET /data/m/a+bugs+life+1998/87.mpg"
Movie,"2024-03-08T23:06:10,416862,GET /data/m/the+godfather+1972/162.mpg"
Movie,"2024-03-08T23:06:10,389813,GET /data/m/the+shawshank+redemption+1994/49.mpg"
Movie,"2024-03-08T23:06:10,306873,GET /data/m/whiplash+2014/63.mpg"
Movie,"2024-03-08T23:06:10,274214,GET /data/m/the+godfather+1972/154.mpg"
Movie,"2024-03-08T23:06:10,34791,GET /data/m/inception+2010/36.mpg"
Movie,"2024-03-08T23:06:10,337384,GET /data/m/+la+mode+1993/69.mpg"
Movie,"2024-03-08T23:06:10,518787,GET /data/m/splendor+1999/90.mpg"
Movie,"2024-03-08T23:06:10,35725,GET /data/m/dilwale+dulhania+le+jayenge+1995/137.mpg"
Movie,"2024-03-08T23:06:10,270746,GET /data/m/the+godfather+1972/128.mpg"
Movie,"2024-03-08T23:06:10,73457,GET /data/m/dilwale+dulhania+le+jayenge+1995/61.mpg"
Movie,"2024-03-08T23:06:10,25240,GET /data/m/2001+a+space+odyssey+1968/49.mpg"
Movie,"2024-03-08T23:06:10,165757,GET /data/m/dilwale+dulhania+le+jayenge+1995/41.mpg"
Movie,"2024-03-08T23:06:10,640849,GET /data/m/the+shawshank+redemption+1994/73.mpg"
Movie,"2024-03-08T23:06:10,484907,GET /data/m/dilwale+dulhania+le+jayenge+1995/127.mpg"
Movie,"2024-03-08T23:06:10,355487,GET /data/m/dilwale+dulhania+le+jayenge+1995/86.mpg"
Movie,"2024-03-08T23:06:10,581228,GET /data/m/dilwale+dulhania+le+jayenge+1995/16.mpg"
Rating,"2024-03-08T23:06:10,437093,GET /rate/the+godfather+1972=5"
Movie,"2024-03-08T23:06:10,286966,GET /data/m/banklady+2013/117.mpg"
Movie,"2024-03-08T23:06:10,417746,GET /data/m/the+shawshank+redemption+1994/31.mpg"
Movie,"2024-03-08T23:06:10,553203,GET /data/m/dilwale+dulhania+le+jayenge+1995/69.mpg"
Movie,"2024-03-08T23:06:10,113773,GET /data/m/dear+zachary+a+letter+to+a+son+about+his+father+2008/67.mpg"
Movie,"2024-03-08T23:06:10,617046,GET /data/m/triple+agent+2004/43.mpg"
Movie,"2024-03-08T23:06:10,301975,GET /data/m/dilwale+dulhania+le+jayenge+1995/44.mpg"
Movie,"2024-03-08T23:06:10,185036,GET /data/m/the+shawshank+redemption+1994/64.mpg"
Movie,"2024-03-08T23:06:10,306896,GET /data/m/the+godfather+1972/38.mpg"
Movie,"2024-03-08T23:06:10,502620,GET /data/m/stitches+2012/87.mpg"
Movie,"2024-03-08T23:06:10,65225,GET /data/m/the+godfather+1972/36.mpg"
Movie,"2024-03-08T23:06:10,508020,GET /data/m/once+upon+a+time+in+america+1984/107.mpg"
Movie,"2024-03-08T23:06:10,268339,GET /data/m/one+flew+over+the+cuckoos+nest+1975/73.mpg"
Movie,"2024-03-08T23:06:10,150635,GET /data/m/the+shawshank+redemption+1994/8.mpg"
Movie,"2024-03-08T23:06:10,435047,GET /data/m/forces+of+nature+1999/90.mpg"
Movie,"2024-03-08T23:06:10,390471,GET /data/m/life+is+beautiful+1997/61.mpg"
Movie,"2024-03-08T23:06:10,525492,GET /data/m/dilwale+dulhania+le+jayenge+1995/146.mpg"
Movie,"2024-03-08T23:06:10,414516,GET /data/m/sunless+1983/39.mpg"
Movie,"2024-03-08T23:06:10,127865,GET /data/m/dilwale+dulhania+le+jayenge+1995/111.mpg"
Movie,"2024-03-08T23:06:10,106772,GET /data/m/the+godfather+1972/14.mpg"
Movie,"2024-03-08T23:06:10,477321,GET /data/m/the+godfather+1972/123.mpg"
Movie,"2024-03-08T23:06:10,397835,GET /data/m/the+shawshank+redemption+1994/15.mpg"
Movie,"2024-03-08T23:06:10,137319,GET /data/m/interstellar+2014/17.mpg"
Movie,"2024-03-08T23:06:10,70979,GET /data/m/the+godfather+1972/140.mpg"
Movie,"2024-03-08T23:06:10,331419,GET /data/m/the+shawshank+redemption+1994/23.mpg"
Movie,"2024-03-08T23:06:10,346141,GET /data/m/the+godfather+1972/35.mpg"
Movie,"2024-03-08T23:06:10,535799,GET /data/m/the+shawshank+redemption+1994/5.mpg"
Movie,"2024-03-08T23:06:10,561156,GET /data/m/dear+zachary+a+letter+to+a+son+about+his+father+2008/65.mpg"
Movie,"2024-03-08T23:06:10,36178,GET /data/m/last+stop+174+2008/90.mpg"
Movie,"2024-03-08T23:06:10,524423,GET /data/m/the+flowers+of+war+2011/137.mpg"
Movie,"2024-03-08T23:06:10,538881,GET /data/m/lets+make+money+2008/90.mpg"
Movie,"2024-03-08T23:06:10,261399,GET /data/m/the+lady+eve+1941/47.mpg"
Movie,"2024-03-08T23:06:10,646090,GET /data/m/the+shawshank+redemption+1994/130.mpg"
Movie,"2024-03-08T23:06:10,284805,GET /data/m/the+shawshank+redemption+1994/111.mpg"
Movie,"2024-03-08T23:06:10,303754,GET /data/m/princess+mononoke+1997/103.mpg"
Movie,"2024-03-08T23:06:10,185689,GET /data/m/psycho+1960/79.mpg"
Movie,"2024-03-08T23:06:10,624218,GET /data/m/alien+1979/18.mpg"
Movie,"2024-03-08T23:06:10,549032,GET /data/m/the+godfather+1972/153.mpg"
Movie,"2024-03-08T23:06:10,496403,GET /data/m/the+godfather+1972/166.mpg"
Movie,"2024-03-08T23:06:10,52136,GET /data/m/the+godfather+1972/10.mpg"
Movie,"2024-03-08T23:06:10,158497,GET /data/m/the+godfather+1972/80.mpg"
Movie,"2024-03-08T23:06:10,629476,GET /data/m/dear+zachary+a+letter+to+a+son+about+his+father+2008/42.mpg"
Movie,"2024-03-08T23:06:10,578050,GET /data/m/dilwale+dulhania+le+jayenge+1995/142.mpg"
Movie,"2024-03-08T23:06:10,383694,GET /data/m/plastic+paradise+the+great+pacific+garbage+patch+2013/40.mpg"
Movie,"2024-03-08T23:06:10,634525,GET /data/m/the+godfather+1972/95.mpg"
Movie,"2024-03-08T23:06:10,395222,GET /data/m/dear+zachary+a+letter+to+a+son+about+his+father+2008/27.mpg"
Movie,"2024-03-08T23:06:10,621426,GET /data/m/life+is+beautiful+1997/87.mpg"
Movie,"2024-03-08T23:06:10,409545,GET /data/m/late+spring+1949/107.mpg"
Movie,"2024-03-08T23:06:10,301014,GET /data/m/the+shawshank+redemption+1994/38.mpg"
Movie,"2024-03-08T23:06:10,65385,GET /data/m/the+imitation+game+2014/31.mpg"
Movie,"2024-03-08T23:06:10,139107,GET /data/m/dilwale+dulhania+le+jayenge+1995/138.mpg"
Movie,"2024-03-08T23:06:10,527916,GET /data/m/the+shawshank+redemption+1994/17.mpg"
Movie,"2024-03-08T23:06:10,488815,GET /data/m/constantine+2005/7.mpg"
Movie,"2024-03-08T23:06:10,331234,GET /data/m/spirited+away+2001/26.mpg"
Movie,"2024-03-08T23:06:10,598988,GET /data/m/ponyo+2008/41.mpg"
Movie,"2024-03-08T23:06:10,149860,GET /data/m/spirited+away+2001/104.mpg"
Movie,"2024-03-08T23:06:10,602841,GET /data/m/dilwale+dulhania+le+jayenge+1995/139.mpg"
Movie,"2024-03-08T23:06:10,499263,GET /data/m/psycho+1960/26.mpg"
Movie,"2024-03-08T23:06:10,295186,GET /data/m/frankenstein+1931/67.mpg"
Movie,"2024-03-08T23:06:10,187729,GET /data/m/the+godfather+1972/171.mpg"
Movie,"2024-03-08T23:06:10,577610,GET /data/m/hxan+1922/74.mpg"
Movie,"2024-03-08T23:06:10,328760,GET /data/m/dilwale+dulhania+le+jayenge+1995/67.mpg"
Movie,"2024-03-08T23:06:10,651325,GET /data/m/dilwale+dulhania+le+jayenge+1995/58.mpg"
Movie,"2024-03-08T23:06:10,270862,GET /data/m/the+shawshank+redemption+1994/68.mpg"
Movie,"2024-03-08T23:06:10,285569,GET /data/m/aparajito+1956/2.mpg"
Movie,"2024-03-08T23:06:10,65803,GET /data/m/one+flew+over+the+cuckoos+nest+1975/5.mpg"
Movie,"2024-03-08T23:06:10,386451,GET /data/m/dear+zachary+a+letter+to+a+son+about+his+father+2008/77.mpg"
Movie,"2024-03-08T23:06:10,497174,GET /data/m/the+godfather+1972/107.mpg"
Movie,"2024-03-08T23:06:10,159552,GET /data/m/dilwale+dulhania+le+jayenge+1995/111.mpg"
Movie,"2024-03-08T23:06:10,568149,GET /data/m/one+flew+over+the+cuckoos+nest+1975/93.mpg"
Movie,"2024-03-08T23:06:10,7132,GET /data/m/gladiator+2000/137.mpg"
Movie,"2024-03-08T23:06:10,378631,GET /data/m/se7en+1995/115.mpg"
Movie,"2024-03-08T23:06:10,47768,GET /data/m/copying+beethoven+2006/89.mpg"
Movie,"2024-03-08T23:06:10,179706,GET /data/m/dilwale+dulhania+le+jayenge+1995/94.mpg"
Movie,"2024-03-08T23:06:10,383720,GET /data/m/the+shawshank+redemption+1994/8.mpg"
Movie,"2024-03-08T23:06:10,328166,GET /data/m/three+monkeys+2008/97.mpg"
Movie,"2024-03-08T23:06:10,70987,GET /data/m/the+shawshank+redemption+1994/96.mpg"
Movie,"2024-03-08T23:06:10,371296,GET /data/m/dilwale+dulhania+le+jayenge+1995/152.mpg"
Movie,"2024-03-08T23:06:10,323193,GET /data/m/citizen+kane+1941/55.mpg"
Movie,"2024-03-08T23:06:10,619375,GET /data/m/grosse+pointe+blank+1997/39.mpg"
Movie,"2024-03-08T23:06:10,19968,GET /data/m/dear+zachary+a+letter+to+a+son+about+his+father+2008/88.mpg"
Movie,"2024-03-08T23:06:10,387828,GET /data/m/dilwale+dulhania+le+jayenge+1995/156.mpg"
Movie,"2024-03-08T23:06:10,632655,GET /data/m/the+godfather+1972/70.mpg"
Movie,"2024-03-08T23:06:10,505507,GET /data/m/psycho+1960/15.mpg"
Movie,"2024-03-08T23:06:10,147142,GET /data/m/the+godfather+part+ii+1974/80.mpg"
Movie,"2024-03-08T23:06:10,659170,GET /data/m/bolt+2008/66.mpg"
Movie,"2024-03-08T23:06:10,118136,GET /data/m/the+shawshank+redemption+1994/117.mpg"
Movie,"2024-03-08T23:06:10,604862,GET /data/m/dilwale+dulhania+le+jayenge+1995/181.mpg"
Movie,"2024-03-08T23:06:10,477296,GET /data/m/dilwale+dulhania+le+jayenge+1995/149.mpg"
Movie,"2024-03-08T23:06:10,630991,GET /data/m/dilwale+dulhania+le+jayenge+1995/90.mpg"
Movie,"2024-03-08T23:06:10,352944,GET /data/m/the+godfather+1972/47.mpg"
Movie,"2024-03-08T23:06:10,48663,GET /data/m/dilwale+dulhania+le+jayenge+1995/124.mpg"
Movie,"2024-03-08T23:06:10,402730,GET /data/m/jack+strong+2014/44.mpg"
Movie,"2024-03-08T23:06:10,381441,GET /data/m/inception+2010/38.mpg"
Movie,"2024-03-08T23:06:10,506483,GET /data/m/the+lord+of+the+rings+the+fellowship+of+the+ring+2001/94.mpg"
Movie,"2024-03-08T23:06:10,261029,GET /data/m/the+godfather+1972/95.mpg"
Movie,"2024-03-08T23:06:10,138141,GET /data/m/life+is+beautiful+1997/32.mpg"
Movie,"2024-03-08T23:06:10,37222,GET /data/m/the+godfather+1972/29.mpg"
Movie,"2024-03-08T23:06:10,348563,GET /data/m/true+lies+1994/17.mpg"
Movie,"2024-03-08T23:06:10,252723,GET /data/m/vizontele+2001/97.mpg"
Movie,"2024-03-08T23:06:10,20585,GET /data/m/dilwale+dulhania+le+jayenge+1995/88.mpg"
Movie,"2024-03-08T23:06:10,8909,GET /data/m/the+chronicles+of+narnia+the+lion_+the+witch+and+the+wardrobe+2005/35.mpg"
Movie,"2024-03-08T23:06:10,4405,GET /data/m/raise+the+red+lantern+1991/108.mpg"
Movie,"2024-03-08T23:06:10,652319,GET /data/m/psycho+1960/53.mpg"
Movie,"2024-03-08T23:06:10,368025,GET /data/m/dilwale+dulhania+le+jayenge+1995/100.mpg"
Movie,"2024-03-08T23:06:10,604763,GET /data/m/one+flew+over+the+cuckoos+nest+1975/71.mpg"
Movie,"2024-03-08T23:06:10,162796,GET /data/m/the+shawshank+redemption+1994/114.mpg"
Movie,"2024-03-08T23:06:10,56320,GET /data/m/the+shawshank+redemption+1994/53.mpg"
Movie,"2024-03-08T23:06:10,330026,GET /data/m/the+godfather+1972/89.mpg"
Movie,"2024-03-08T23:06:10,144420,GET /data/m/the+shawshank+redemption+1994/61.mpg"
Movie,"2024-03-08T23:06:10,491698,GET /data/m/the+godfather+1972/85.mpg"
Movie,"2024-03-08T23:06:10,405907,GET /data/m/still+life+2013/93.mpg"
Movie,"2024-03-08T23:06:10,68394,GET /data/m/the+shawshank+redemption+1994/51.mpg"
Movie,"2024-03-08T23:06:10,656113,GET /data/m/the+godfather+1972/173.mpg"
Movie,"2024-03-08T23:06:10,527990,GET /data/m/the+godfather+1972/80.mpg"
Movie,"2024-03-08T23:06:10,374898,GET /data/m/iron+man+2+2010/95.mpg"
Movie,"2024-03-08T23:06:10,519972,GET /data/m/the+shawshank+redemption+1994/65.mpg"
Movie,"2024-03-08T23:06:10,549739,GET /data/m/the+godfather+1972/43.mpg"
Movie,"2024-03-08T23:06:10,435936,GET /data/m/raiders+of+the+lost+ark+1981/84.mpg"
Movie,"2024-03-08T23:06:10,54104,GET /data/m/the+godfather+1972/51.mpg"
Movie,"2024-03-08T23:06:10,223065,GET /data/m/the+godfather+1972/176.mpg"
Movie,"2024-03-08T23:06:10,316501,GET /data/m/avatar+2009/102.mpg"
Movie,"2024-03-08T23:06:10,300664,GET /data/m/the+godfather+1972/64.mpg"
Movie,"2024-03-08T23:06:10,85562,GET /data/m/the+mortal+storm+1940/31.mpg"
Movie,"2024-03-08T23:06:10,8691,GET /data/m/man+of+la+mancha+1972/28.mpg"
Movie,"2024-03-08T23:06:10,659959,GET /data/m/the+shawshank+redemption+1994/98.mpg"
Movie,"2024-03-08T23:06:10,528737,GET /data/m/one+flew+over+the+cuckoos+nest+1975/87.mpg"
Movie,"2024-03-08T23:06:10,178051,GET /data/m/the+godfather+1972/78.mpg"
Movie,"2024-03-08T23:06:10,131917,GET /data/m/the+godfather+1972/117.mpg"
Movie,"2024-03-08T23:06:10,88603,GET /data/m/one+flew+over+the+cuckoos+nest+1975/99.mpg"
Movie,"2024-03-08T23:06:10,274405,GET /data/m/a+cry+in+the+dark+1988/58.mpg"
Movie,"2024-03-08T23:06:10,194724,GET /data/m/one+flew+over+the+cuckoos+nest+1975/15.mpg"
Movie,"2024-03-08T23:06:10,270589,GET /data/m/the+godfather+1972/170.mpg"
Movie,"2024-03-08T23:06:10,557384,GET /data/m/the+godfather+1972/40.mpg"
Movie,"2024-03-08T23:06:10,650275,GET /data/m/mystic+river+2003/6.mpg"
Movie,"2024-03-08T23:06:10,390466,GET /data/m/salinger+2013/98.mpg"
Movie,"2024-03-08T23:06:10,352407,GET /data/m/dilwale+dulhania+le+jayenge+1995/45.mpg"
Movie,"2024-03-08T23:06:10,96047,GET /data/m/dear+zachary+a+letter+to+a+son+about+his+father+2008/80.mpg"
Movie,"2024-03-08T23:06:10,138532,GET /data/m/close-up+1990/16.mpg"
Movie,"2024-03-08T23:06:10,275748,GET /data/m/nightcrawler+2014/49.mpg"
Movie,"2024-03-08T23:06:10,23513,GET /data/m/roberto+succo+2001/85.mpg"
Movie,"2024-03-08T23:06:10,537832,GET /data/m/spirited+away+2001/38.mpg"
Movie,"2024-03-08T23:06:10,221665,GET /data/m/dilwale+dulhania+le+jayenge+1995/18.mpg"
Movie,"2024-03-08T23:06:10,136784,GET /data/m/butcher+boys+2013/41.mpg"
Movie,"2024-03-08T23:06:10,164918,GET /data/m/the+shawshank+redemption+1994/100.mpg"
Movie,"2024-03-08T23:06:10,345512,GET /data/m/that+obscure+object+of+desire+1977/3.mpg"
Movie,"2024-03-08T23:06:10,425958,GET /data/m/the+wheeler+dealers+1963/76.mpg"
Movie,"2024-03-08T23:06:10,591249,GET /data/m/the+young+and+prodigious+t.s.+spivet+2013/40.mpg"
Movie,"2024-03-08T23:06:10,317160,GET /data/m/the+godfather+1972/101.mpg"
Movie,"2024-03-08T23:06:10,404807,GET /data/m/the+godfather+1972/7.mpg"
Movie,"2024-03-08T23:06:10,411658,GET /data/m/children+of+men+2006/11.mpg"
Movie,"2024-03-08T23:06:10,636794,GET /data/m/dear+zachary+a+letter+to+a+son+about+his+father+2008/70.mpg"
Movie,"2024-03-08T23:06:10,146323,GET /data/m/wreck-it+ralph+2012/7.mpg"
Movie,"2024-03-08T23:06:10,445279,GET /data/m/one+flew+over+the+cuckoos+nest+1975/106.mpg"
Movie,"2024-03-08T23:06:10,246949,GET /data/m/the+godfather+1972/15.mpg"
Movie,"2024-03-08T23:06:10,584288,GET /data/m/one+flew+over+the+cuckoos+nest+1975/17.mpg"
Movie,"2024-03-08T23:06:10,629847,GET /data/m/the+shawshank+redemption+1994/76.mpg"
Movie,"2024-03-08T23:06:10,408511,GET /data/m/the+godfather+1972/53.mpg"
Movie,"2024-03-08T23:06:10,577734,GET /data/m/once+upon+a+time+in+america+1984/109.mpg"
Movie,"2024-03-08T23:06:10,139182,GET /data/m/one+flew+over+the+cuckoos+nest+1975/18.mpg"
Movie,"2024-03-08T23:06:10,236131,GET /data/m/dilwale+dulhania+le+jayenge+1995/4.mpg"
Movie,"2024-03-08T23:06:10,578911,GET /data/m/miffo+2003/98.mpg"
Movie,"2024-03-08T23:06:10,628359,GET /data/m/the+shawshank+redemption+1994/20.mpg"
Movie,"2024-03-08T23:06:10,319203,GET /data/m/the+adventures+of+milo+and+otis+1986/0.mpg"
Movie,"2024-03-08T23:06:10,235794,GET /data/m/dilwale+dulhania+le+jayenge+1995/0.mpg"
Movie,"2024-03-08T23:06:10,137595,GET /data/m/saint+laurent+2014/0.mpg"
Movie,"2024-03-08T23:06:10,264889,GET /data/m/the+godfather+1972/0.mpg"
Movie,"2024-03-08T23:06:10,393816,GET /data/m/psycho+1960/2.mpg"
Movie,"2024-03-08T23:06:10,175152,GET /data/m/big+hero+6+2014/8.mpg"
Movie,"2024-03-08T23:06:10,502602,GET /data/m/my+architect+2003/5.mpg"
Movie,"2024-03-08T23:06:10,597341,GET /data/m/the+avengers+2012/77.mpg"
Movie,"2024-03-08T23:06:10,491994,GET /data/m/dilwale+dulhania+le+jayenge+1995/94.mpg"
Movie,"2024-03-08T23:06:10,484851,GET /data/m/love+the+beast+2009/69.mpg"
Movie,"2024-03-08T23:06:10,437859,GET /data/m/the+godfather+1972/10.mpg"
Movie,"2024-03-08T23:06:10,459440,GET /data/m/the+godfather+1972/35.mpg"
Movie,"2024-03-08T23:06:10,393131,GET /data/m/the+godfather+1972/15.mpg"
Movie,"2024-03-08T23:06:10,614557,GET /data/m/spirited+away+2001/21.mpg"
Movie,"2024-03-08T23:06:10,282037,GET /data/m/three+colors+red+1994/42.mpg"
Movie,"2024-03-08T23:06:10,603997,GET /data/m/quantum+of+solace+2008/34.mpg"
Movie,"2024-03-08T23:06:10,505106,GET /data/m/dilwale+dulhania+le+jayenge+1995/68.mpg"
Movie,"2024-03-08T23:06:10,591793,GET /data/m/mary+shelleys+frankenstein+1994/13.mpg"
Movie,"2024-03-08T23:06:10,306635,GET /data/m/dilwale+dulhania+le+jayenge+1995/43.mpg"
Movie,"2024-03-08T23:06:10,405221,GET /data/m/the+shawshank+redemption+1994/72.mpg"
Movie,"2024-03-08T23:06:10,425301,GET /data/m/spirited+away+2001/123.mpg"
Movie,"2024-03-08T23:06:10,119532,GET /data/m/easy+virtue+2008/71.mpg"
Movie,"2024-03-08T23:06:10,291107,GET /data/m/the+godfather+1972/9.mpg"
Movie,"2024-03-08T23:06:10,576705,GET /data/m/the+shawshank+redemption+1994/33.mpg"
Movie,"2024-03-08T23:06:10,368603,GET /data/m/the+breakfast+club+1985/32.mpg"
Movie,"2024-03-08T23:06:10,296597,GET /data/m/peeping+tom+1960/80.mpg"
Movie,"2024-03-08T23:06:10,433533,GET /data/m/the+matrix+1999/11.mpg"
Movie,"2024-03-08T23:06:10,331324,GET /data/m/the+godfather+1972/159.mpg"
Movie,"2024-03-08T23:06:10,40246,GET /data/m/megamind+2010/8.mpg"
Movie,"2024-03-08T23:06:10,197722,GET /data/m/the+shawshank+redemption+1994/42.mpg"
Movie,"2024-03-08T23:06:10,637919,GET /data/m/dilwale+dulhania+le+jayenge+1995/133.mpg"
Movie,"2024-03-08T23:06:10,179883,GET /data/m/the+shawshank+redemption+1994/58.mpg"
Movie,"2024-03-08T23:06:10,138270,GET /data/m/dear+zachary+a+letter+to+a+son+about+his+father+2008/29.mpg"
Movie,"2024-03-08T23:06:10,469951,GET /data/m/operation+ganymed+1977/82.mpg"
Movie,"2024-03-08T23:06:10,323724,GET /data/m/the+shawshank+redemption+1994/59.mpg"
Movie,"2024-03-08T23:06:10,28085,GET /data/m/the+godfather+1972/75.mpg"
Movie,"2024-03-08T23:06:10,590162,GET /data/m/dilwale+dulhania+le+jayenge+1995/133.mpg"
Movie,"2024-03-08T23:06:10,547634,GET /data/m/dear+zachary+a+letter+to+a+son+about+his+father+2008/6.mpg"
Movie,"2024-03-08T23:06:10,228922,GET /data/m/the+shawshank+redemption+1994/54.mpg"
Movie,"2024-03-08T23:06:10,314187,GET /data/m/the+godfather+1972/56.mpg"
Movie,"2024-03-08T23:06:10,313416,GET /data/m/the+godfather+1972/143.mpg"
Movie,"2024-03-08T23:06:10,196346,GET /data/m/dear+zachary+a+letter+to+a+son+about+his+father+2008/7.mpg"
Movie,"2024-03-08T23:06:10,613461,GET /data/m/harry+potter+and+the+prisoner+of+azkaban+2004/79.mpg"
Movie,"2024-03-08T23:06:10,393751,GET /data/m/2001+a+space+odyssey+1968/132.mpg"
Movie,"2024-03-08T23:06:10,438553,GET /data/m/the+shawshank+redemption+1994/29.mpg"
Movie,"2024-03-08T23:06:10,228278,GET /data/m/dear+zachary+a+letter+to+a+son+about+his+father+2008/16.mpg"
Movie,"2024-03-08T23:06:10,537444,GET /data/m/the+godfather+1972/141.mpg"
Movie,"2024-03-08T23:06:10,52732,GET /data/m/dilwale+dulhania+le+jayenge+1995/103.mpg"
Movie,"2024-03-08T23:06:10,284065,GET /data/m/one+flew+over+the+cuckoos+nest+1975/25.mpg"
Movie,"2024-03-08T23:06:10,532661,GET /data/m/the+godfather+1972/130.mpg"
Movie,"2024-03-08T23:06:10,602323,GET /data/m/dilwale+dulhania+le+jayenge+1995/185.mpg"
Movie,"2024-03-08T23:06:10,548462,GET /data/m/the+shawshank+redemption+1994/23.mpg"
Movie,"2024-03-08T23:06:10,553187,GET /data/m/one+flew+over+the+cuckoos+nest+1975/54.mpg"
Movie,"2024-03-08T23:06:10,415132,GET /data/m/alien+1979/118.mpg"
Movie,"2024-03-08T23:06:10,466293,GET /data/m/extract+2009/5.mpg"
Movie,"2024-03-08T23:06:10,363269,GET /data/m/one+flew+over+the+cuckoos+nest+1975/111.mpg"
Movie,"2024-03-08T23:06:10,152340,GET /data/m/the+shawshank+redemption+1994/75.mpg"
Movie,"2024-03-08T23:06:10,535592,GET /data/m/the+godfather+1972/68.mpg"
Movie,"2024-03-08T23:06:10,37978,GET /data/m/they+called+him+bulldozer+1978/56.mpg"
Movie,"2024-03-08T23:06:10,652081,GET /data/m/howls+moving+castle+2004/8.mpg"
Movie,"2024-03-08T23:06:10,357707,GET /data/m/the+shawshank+redemption+1994/23.mpg"
Movie,"2024-03-08T23:06:10,205732,GET /data/m/the+shawshank+redemption+1994/98.mpg"
Movie,"2024-03-08T23:06:10,597183,GET /data/m/the+shawshank+redemption+1994/75.mpg"
Movie,"2024-03-08T23:06:10,281662,GET /data/m/the+godfather+1972/166.mpg"
Movie,"2024-03-08T23:06:10,172497,GET /data/m/the+godfather+1972/53.mpg"
Movie,"2024-03-08T23:06:10,649805,GET /data/m/the+godfather+1972/98.mpg"
Movie,"2024-03-08T23:06:10,475783,GET /data/m/dear+zachary+a+letter+to+a+son+about+his+father+2008/7.mpg"
Movie,"2024-03-08T23:06:10,571308,GET /data/m/the+hobbit+the+desolation+of+smaug+2013/70.mpg"
Movie,"2024-03-08T23:06:10,274534,GET /data/m/the+shawshank+redemption+1994/91.mpg"
Movie,"2024-03-08T23:06:10,569318,GET /data/m/the+godfather+1972/44.mpg"
Movie,"2024-03-08T23:06:10,444625,GET /data/m/the+godfather+1972/157.mpg"
Movie,"2024-03-08T23:06:10,378446,GET /data/m/psycho+1960/103.mpg"
Movie,"2024-03-08T23:06:10,405289,GET /data/m/the+shawshank+redemption+1994/25.mpg"
Movie,"2024-03-08T23:06:10,122606,GET /data/m/oceans+2009/18.mpg"
Movie,"2024-03-08T23:06:10,207199,GET /data/m/dear+zachary+a+letter+to+a+son+about+his+father+2008/20.mpg"
Movie,"2024-03-08T23:06:10,588128,GET /data/m/the+godfather+1972/27.mpg"
Movie,"2024-03-08T23:06:10,504491,GET /data/m/the+shawshank+redemption+1994/25.mpg"
Movie,"2024-03-08T23:06:10,171547,GET /data/m/the+godfather+1972/112.mpg"
Movie,"2024-03-08T23:06:10,57864,GET /data/m/one+flew+over+the+cuckoos+nest+1975/79.mpg"
Movie,"2024-03-08T23:06:10,559554,GET /data/m/the+godfather+1972/69.mpg"
Movie,"2024-03-08T23:06:10,426776,GET /data/m/the+godfather+1972/150.mpg"
Movie,"2024-03-08T23:06:10,448248,GET /data/m/dilwale+dulhania+le+jayenge+1995/12.mpg"
Movie,"2024-03-08T23:06:10,482193,GET /data/m/the+godfather+1972/123.mpg"
Movie,"2024-03-08T23:06:10,135406,GET /data/m/lupin+the+third+the+castle+of+cagliostro+1979/81.mpg"
Movie,"2024-03-08T23:06:10,548441,GET /data/m/once+upon+a+time+in+america+1984/47.mpg"
Movie,"2024-03-08T23:06:10,245773,GET /data/m/casino+royale+2006/114.mpg"
Movie,"2024-03-08T23:06:10,351301,GET /data/m/dilwale+dulhania+le+jayenge+1995/55.mpg"
Rating,"2024-03-08T23:06:10,428042,GET /rate/spirited+away+2001=5"
Movie,"2024-03-08T23:06:10,417458,GET /data/m/once+upon+a+time+in+america+1984/173.mpg"
Movie,"2024-03-08T23:06:10,391068,GET /data/m/the+hunger+games+mockingjay+-+part+1+2014/6.mpg"
Movie,"2024-03-08T23:06:10,91150,GET /data/m/senso+1954/110.mpg"
Movie,"2024-03-08T23:06:10,630380,GET /data/m/the+godfather+1972/117.mpg"
Movie,"2024-03-08T23:06:10,524663,GET /data/m/life+is+beautiful+1997/60.mpg"
Movie,"2024-03-08T23:06:10,554797,GET /data/m/spirited+away+2001/105.mpg"
Movie,"2024-03-08T23:06:10,562908,GET /data/m/mindwalk+1990/26.mpg"
Movie,"2024-03-08T23:06:10,497776,GET /data/m/the+shawshank+redemption+1994/97.mpg"
Movie,"2024-03-08T23:06:10,54328,GET /data/m/dilwale+dulhania+le+jayenge+1995/76.mpg"
Movie,"2024-03-08T23:06:10,386008,GET /data/m/the+conversation+1974/77.mpg"
Movie,"2024-03-08T23:06:10,548266,GET /data/m/the+grey+2012/12.mpg"
Movie,"2024-03-08T23:06:10,522927,GET /data/m/the+godfather+1972/14.mpg"
Movie,"2024-03-08T23:06:10,616956,GET /data/m/the+dark+knight+2008/43.mpg"
Movie,"2024-03-08T23:06:10,4897,GET /data/m/ice+age+continental+drift+2012/13.mpg"
Movie,"2024-03-08T23:06:10,218735,GET /data/m/good+neighbor+sam+1964/26.mpg"
Movie,"2024-03-08T23:06:10,637090,GET /data/m/the+godfather+1972/11.mpg"
Movie,"2024-03-08T23:06:10,160422,GET /data/m/breaking+point+1994/16.mpg"
Movie,"2024-03-08T23:06:10,472906,GET /data/m/strawberry+and+chocolate+1993/42.mpg"
Movie,"2024-03-08T23:06:10,592618,GET /data/m/the+shawshank+redemption+1994/64.mpg"
Movie,"2024-03-08T23:06:10,29983,GET /data/m/transformers+age+of+extinction+2014/143.mpg"
Movie,"2024-03-08T23:06:10,56003,GET /data/m/the+godfather+1972/140.mpg"
Movie,"2024-03-08T23:06:10,544378,GET /data/m/terminator+2+judgment+day+1991/123.mpg"
Movie,"2024-03-08T23:06:10,519298,GET /data/m/deadline+-+u.s.a.+1952/29.mpg"
Movie,"2024-03-08T23:06:10,173998,GET /data/m/the+lord+of+the+rings+the+two+towers+2002/123.mpg"
Movie,"2024-03-08T23:06:10,314622,GET /data/m/my+neighbors+the+yamadas+1999/88.mpg"
Movie,"2024-03-08T23:06:10,256887,GET /data/m/the+shawshank+redemption+1994/126.mpg"
Movie,"2024-03-08T23:06:10,506368,GET /data/m/one+flew+over+the+cuckoos+nest+1975/22.mpg"
Movie,"2024-03-08T23:06:10,417857,GET /data/m/one+flew+over+the+cuckoos+nest+1975/47.mpg"
Movie,"2024-03-08T23:06:10,368030,GET /data/m/the+shawshank+redemption+1994/66.mpg"
Movie,"2024-03-08T23:06:10,346580,GET /data/m/the+godfather+1972/108.mpg"
Movie,"2024-03-08T23:06:10,652918,GET /data/m/the+professional+1981/18.mpg"
Movie,"2024-03-08T23:06:10,1888,GET /data/m/the+godfather+1972/72.mpg"
Movie,"2024-03-08T23:06:10,147295,GET /data/m/the+day+the+earth+stood+still+1951/3.mpg"
Movie,"2024-03-08T23:06:10,93891,GET /data/m/dilwale+dulhania+le+jayenge+1995/110.mpg"
Movie,"2024-03-08T23:06:10,68768,GET /data/m/interstellar+2014/75.mpg"
Rating,"2024-03-08T23:06:10,279093,GET /rate/dilwale+dulhania+le+jayenge+1995=3"
Movie,"2024-03-08T23:06:10,3432,GET /data/m/the+godfather+1972/94.mpg"
Movie,"2024-03-08T23:06:10,227850,GET /data/m/i_+robot+2004/14.mpg"
Movie,"2024-03-08T23:06:10,634562,GET /data/m/the+godfather+1972/12.mpg"
Movie,"2024-03-08T23:06:10,144427,GET /data/m/dilwale+dulhania+le+jayenge+1995/86.mpg"
Movie,"2024-03-08T23:06:10,590451,GET /data/m/the+godfather+1972/120.mpg"
Movie,"2024-03-08T23:06:10,468519,GET /data/m/the+gallant+hours+1960/10.mpg"
Movie,"2024-03-08T23:06:10,554792,GET /data/m/woodstock+1970/134.mpg"
Movie,"2024-03-08T23:06:10,540524,GET /data/m/dear+zachary+a+letter+to+a+son+about+his+father+2008/90.mpg"
Movie,"2024-03-08T23:06:10,269403,GET /data/m/dilwale+dulhania+le+jayenge+1995/105.mpg"
Movie,"2024-03-08T23:06:10,190753,GET /data/m/harry+potter+and+the+goblet+of+fire+2005/83.mpg"
Movie,"2024-03-08T23:06:10,141718,GET /data/m/life+is+beautiful+1997/57.mpg"
Movie,"2024-03-08T23:06:10,503848,GET /data/m/dilwale+dulhania+le+jayenge+1995/88.mpg"
Movie,"2024-03-08T23:06:10,2622,GET /data/m/one+flew+over+the+cuckoos+nest+1975/53.mpg"
Movie,"2024-03-08T23:06:10,92365,GET /data/m/the+lord+of+the+rings+the+return+of+the+king+2003/138.mpg"
Movie,"2024-03-08T23:06:10,565926,GET /data/m/the+shawshank+redemption+1994/27.mpg"
Movie,"2024-03-08T23:06:10,215132,GET /data/m/dreamcatcher+2003/21.mpg"
Movie,"2024-03-08T23:06:10,566054,GET /data/m/powaqqatsi+1988/35.mpg"
Movie,"2024-03-08T23:06:10,407939,GET /data/m/the+shawshank+redemption+1994/116.mpg"
Movie,"2024-03-08T23:06:10,216754,GET /data/m/the+godfather+1972/153.mpg"
Movie,"2024-03-08T23:06:10,393663,GET /data/m/the+godfather+1972/110.mpg"
Movie,"2024-03-08T23:06:10,187728,GET /data/m/dilwale+dulhania+le+jayenge+1995/72.mpg"
Movie,"2024-03-08T23:06:10,43580,GET /data/m/the+godfather+1972/108.mpg"
Movie,"2024-03-08T23:06:10,610813,GET /data/m/the+shawshank+redemption+1994/142.mpg"
Movie,"2024-03-08T23:06:10,146341,GET /data/m/the+shawshank+redemption+1994/29.mpg"
Movie,"2024-03-08T23:06:10,434203,GET /data/m/the+godfather+1972/75.mpg"
Recommendation,"2024-03-08T23:06:10.057923,463978,recommendation request 17645-team19.isri.cmu.edu:8082, status 200, result: dilwale+dulhania+le+jayenge+1995, the+godfather+1972, the+shawshank+redemption+1994, dear+zachary+a+letter+to+a+son+about+his+father+2008, one+flew+over+the+cuckoos+nest+1975, spirited+away+2001, life+is+beautiful+1997, psycho+1960, once+upon+a+time+in+america+1984, the+godfather+part+ii+1974, pulp+fiction+1994, fight+club+1999, whiplash+2014, schindlers+list+1993, the+dark+knight+2008, forrest+gump+1994, cinema+paradiso+1988, the+intouchables+2011, rear+window+1954, city+lights+1931, 50 ms"
Recommendation,"2024-03-08T23:06:10.109785,644382,recommendation request 17645-team19.isri.cmu.edu:8082, status 200, result: dilwale+dulhania+le+jayenge+1995, the+godfather+1972, the+shawshank+redemption+1994, dear+zachary+a+letter+to+a+son+about+his+father+2008, one+flew+over+the+cuckoos+nest+1975, spirited+away+2001, life+is+beautiful+1997, psycho+1960, once+upon+a+time+in+america+1984, the+godfather+part+ii+1974, pulp+fiction+1994, fight+club+1999, whiplash+2014, schindlers+list+1993, the+dark+knight+2008, forrest+gump+1994, cinema+paradiso+1988, the+intouchables+2011, rear+window+1954, city+lights+1931, 91 ms"
Recommendation,"2024-03-08T23:06:10.150016,518237,recommendation request 17645-team19.isri.cmu.edu:8082, status 200, result: dilwale+dulhania+le+jayenge+1995, the+godfather+1972, the+shawshank+redemption+1994, dear+zachary+a+letter+to+a+son+about+his+father+2008, one+flew+over+the+cuckoos+nest+1975, spirited+away+2001, life+is+beautiful+1997, psycho+1960, once+upon+a+time+in+america+1984, the+godfather+part+ii+1974, pulp+fiction+1994, fight+club+1999, whiplash+2014, schindlers+list+1993, the+dark+knight+2008, forrest+gump+1994, cinema+paradiso+1988, the+intouchables+2011, rear+window+1954, city+lights+1931, 129 ms"
Recommendation,"2024-03-08T23:06:10.235003,465293,recommendation request 17645-team19.isri.cmu.edu:8082, status 200, result: dilwale+dulhania+le+jayenge+1995, the+godfather+1972, the+shawshank+redemption+1994, dear+zachary+a+letter+to+a+son+about+his+father+2008, one+flew+over+the+cuckoos+nest+1975, spirited+away+2001, life+is+beautiful+1997, psycho+1960, once+upon+a+time+in+america+1984, the+godfather+part+ii+1974, pulp+fiction+1994, fight+club+1999, whiplash+2014, schindlers+list+1993, the+dark+knight+2008, forrest+gump+1994, cinema+paradiso+1988, the+intouchables+2011, rear+window+1954, city+lights+1931, 214 ms"
Recommendation,"2024-03-08T23:06:10.260070,217157,recommendation request 17645-team19.isri.cmu.edu:8082, status 200, result: lupin+the+third+the+castle+of+cagliostro+1979, a+cry+in+the+dark+1988, the+imitation+game+2014, the+right+stuff+1983, breaktime+1972, ringers+-+lord+of+the+fans+2005, redemption+the+stan+tookie+williams+story+2004, khrustalyov_+my+car+1998, kaboom+2010, wristcutters+a+love+story+2006, the+big+boss+1971, sunday+in+the+country+1974, skipped+parts+2000, the+kid++i+2005, gods+pocket+2014, sunday+1997, bang_+boom_+bang+1999, destruction+force+1977, swamp+shark+2011, la+dama+boba+2006, 242 ms"
Movie,"2024-03-08T23:06:11,381457,GET /data/m/harry+potter+and+the+deathly+hallows+part+2+2011/27.mpg"
Movie,"2024-03-08T23:06:11,100744,GET /data/m/the+shawshank+redemption+1994/27.mpg"
Movie,"2024-03-08T23:06:11,447140,GET /data/m/the+godfather+1972/18.mpg"
Movie,"2024-03-08T23:06:11,47851,GET /data/m/high+noon+2009/4.mpg"
Movie,"2024-03-08T23:06:11,654685,GET /data/m/one+flew+over+the+cuckoos+nest+1975/13.mpg"
Movie,"2024-03-08T23:06:11,488237,GET /data/m/the+shawshank+redemption+1994/114.mpg"
Movie,"2024-03-08T23:06:11,664405,GET /data/m/life+is+beautiful+1997/38.mpg"
Movie,"2024-03-08T23:06:11,12547,GET /data/m/the+shawshank+redemption+1994/28.mpg"
Movie,"2024-03-08T23:06:11,437557,GET /data/m/the+shawshank+redemption+1994/56.mpg"
Movie,"2024-03-08T23:06:11,466946,GET /data/m/the+godfather+1972/104.mpg"
Movie,"2024-03-08T23:06:11,323684,GET /data/m/dilwale+dulhania+le+jayenge+1995/59.mpg"
Movie,"2024-03-08T23:06:11,512000,GET /data/m/dear+zachary+a+letter+to+a+son+about+his+father+2008/38.mpg"
Movie,"2024-03-08T23:06:11,88174,GET /data/m/the+godfather+1972/160.mpg"
Movie,"2024-03-08T23:06:11,49090,GET /data/m/the+godfather+1972/63.mpg"
Movie,"2024-03-08T23:06:11,310240,GET /data/m/dilwale+dulhania+le+jayenge+1995/55.mpg"
Movie,"2024-03-08T23:06:11,6327,GET /data/m/lupin+the+third+the+castle+of+cagliostro+1979/56.mpg"
Movie,"2024-03-08T23:06:11,608634,GET /data/m/dear+zachary+a+letter+to+a+son+about+his+father+2008/24.mpg"
Movie,"2024-03-08T23:06:11,336219,GET /data/m/the+shawshank+redemption+1994/46.mpg"
Movie,"2024-03-08T23:06:11,617621,GET /data/m/dear+zachary+a+letter+to+a+son+about+his+father+2008/48.mpg"
Movie,"2024-03-08T23:06:11,598058,GET /data/m/the+godfather+1972/110.mpg"
Movie,"2024-03-08T23:06:11,614974,GET /data/m/squadra+antifurto+1976/80.mpg"
Movie,"2024-03-08T23:06:11,211819,GET /data/m/british+sounds+1970/14.mpg"
Movie,"2024-03-08T23:06:11,501572,GET /data/m/one+flew+over+the+cuckoos+nest+1975/81.mpg"
Movie,"2024-03-08T23:06:11,191890,GET /data/m/the+godfather+1972/71.mpg"
Movie,"2024-03-08T23:06:11,519208,GET /data/m/psycho+1960/83.mpg"
Movie,"2024-03-08T23:06:11,498460,GET /data/m/the+fifth+element+1997/35.mpg"
Movie,"2024-03-08T23:06:11,64569,GET /data/m/persuasion+2007/59.mpg"
Movie,"2024-03-08T23:06:11,550931,GET /data/m/paradise+for+three+1938/45.mpg"
Movie,"2024-03-08T23:06:11,107225,GET /data/m/the+dark+knight+rises+2012/90.mpg"
Movie,"2024-03-08T23:06:11,294351,GET /data/m/star+wars+1977/110.mpg"
Movie,"2024-03-08T23:06:11,560480,GET /data/m/tracers+2015/80.mpg"
Movie,"2024-03-08T23:06:11,177887,GET /data/m/dear+zachary+a+letter+to+a+son+about+his+father+2008/6.mpg"
Movie,"2024-03-08T23:06:11,28280,GET /data/m/the+shawshank+redemption+1994/136.mpg"
Movie,"2024-03-08T23:06:11,292355,GET /data/m/dilwale+dulhania+le+jayenge+1995/114.mpg"
Movie,"2024-03-08T23:06:11,206714,GET /data/m/dear+zachary+a+letter+to+a+son+about+his+father+2008/95.mpg"
Movie,"2024-03-08T23:06:11,63516,GET /data/m/batman+begins+2005/60.mpg"
Movie,"2024-03-08T23:06:11,571465,GET /data/m/iron+man+2008/25.mpg"
Movie,"2024-03-08T23:06:11,46717,GET /data/m/snowpiercer+2013/84.mpg"
Movie,"2024-03-08T23:06:11,403456,GET /data/m/dilwale+dulhania+le+jayenge+1995/97.mpg"
Movie,"2024-03-08T23:06:11,143649,GET /data/m/dilwale+dulhania+le+jayenge+1995/15.mpg"
Movie,"2024-03-08T23:06:11,449946,GET /data/m/the+shawshank+redemption+1994/100.mpg"
Movie,"2024-03-08T23:06:11,294160,GET /data/m/the+godfather+1972/34.mpg"
Movie,"2024-03-08T23:06:11,628295,GET /data/m/the+godfather+1972/139.mpg"
Movie,"2024-03-08T23:06:11,171518,GET /data/m/things+to+come+1936/61.mpg"
Movie,"2024-03-08T23:06:11,499513,GET /data/m/the+godfather+1972/29.mpg"
Movie,"2024-03-08T23:06:11,154340,GET /data/m/sweet+charity+1969/31.mpg"
Movie,"2024-03-08T23:06:11,203078,GET /data/m/the+shawshank+redemption+1994/120.mpg"
Movie,"2024-03-08T23:06:11,266122,GET /data/m/dilwale+dulhania+le+jayenge+1995/78.mpg"
Movie,"2024-03-08T23:06:11,641035,GET /data/m/cloud+atlas+2012/27.mpg"
Movie,"2024-03-08T23:06:11,55464,GET /data/m/lupin+the+third+the+castle+of+cagliostro+1979/98.mpg"
Movie,"2024-03-08T23:06:11,660031,GET /data/m/dilwale+dulhania+le+jayenge+1995/157.mpg"
Movie,"2024-03-08T23:06:11,554795,GET /data/m/dilwale+dulhania+le+jayenge+1995/115.mpg"
Movie,"2024-03-08T23:06:11,346919,GET /data/m/boyz+n+the+hood+1991/38.mpg"
Movie,"2024-03-08T23:06:11,376055,GET /data/m/falling+awake+2010/56.mpg"
Movie,"2024-03-08T23:06:11,204595,GET /data/m/dilwale+dulhania+le+jayenge+1995/116.mpg"
Movie,"2024-03-08T23:06:11,659168,GET /data/m/dilwale+dulhania+le+jayenge+1995/191.mpg"
Movie,"2024-03-08T23:06:11,328044,GET /data/m/the+godfather+1972/14.mpg"
Movie,"2024-03-08T23:06:11,378664,GET /data/m/the+lord+of+the+rings+the+two+towers+2002/177.mpg"
Movie,"2024-03-08T23:06:11,280089,GET /data/m/the+shawshank+redemption+1994/118.mpg"
Movie,"2024-03-08T23:06:11,236025,GET /data/m/wordplay+2006/57.mpg"
Movie,"2024-03-08T23:06:11,4883,GET /data/m/life+is+beautiful+1997/86.mpg"
Movie,"2024-03-08T23:06:11,443725,GET /data/m/the+shawshank+redemption+1994/127.mpg"
Movie,"2024-03-08T23:06:11,513012,GET /data/m/the+shawshank+redemption+1994/53.mpg"
Movie,"2024-03-08T23:06:11,607101,GET /data/m/goodfellas+1990/20.mpg"
Movie,"2024-03-08T23:06:11,658864,GET /data/m/mary+2005/69.mpg"
Movie,"2024-03-08T23:06:11,472469,GET /data/m/dilwale+dulhania+le+jayenge+1995/161.mpg"
Movie,"2024-03-08T23:06:11,522975,GET /data/m/the+shawshank+redemption+1994/37.mpg"
Movie,"2024-03-08T23:06:11,388742,GET /data/m/dilwale+dulhania+le+jayenge+1995/170.mpg"
Movie,"2024-03-08T23:06:11,354618,GET /data/m/the+godfather+1972/90.mpg"
Movie,"2024-03-08T23:06:11,217262,GET /data/m/dear+zachary+a+letter+to+a+son+about+his+father+2008/81.mpg"
Movie,"2024-03-08T23:06:11,280682,GET /data/m/love+forbidden+2002/68.mpg"
Movie,"2024-03-08T23:06:11,249788,GET /data/m/the+lord+of+the+rings+the+return+of+the+king+2003/160.mpg"
Movie,"2024-03-08T23:06:11,156794,GET /data/m/the+lord+of+the+rings+the+fellowship+of+the+ring+2001/101.mpg"
Movie,"2024-03-08T23:06:11,289127,GET /data/m/harry+potter+and+the+order+of+the+phoenix+2007/137.mpg"
Movie,"2024-03-08T23:06:11,19030,GET /data/m/one+flew+over+the+cuckoos+nest+1975/127.mpg"
Movie,"2024-03-08T23:06:11,39243,GET /data/m/the+shawshank+redemption+1994/2.mpg"
Movie,"2024-03-08T23:06:11,656541,GET /data/m/dilwale+dulhania+le+jayenge+1995/114.mpg"
Movie,"2024-03-08T23:06:11,287460,GET /data/m/dear+zachary+a+letter+to+a+son+about+his+father+2008/77.mpg"
Movie,"2024-03-08T23:06:11,432535,GET /data/m/dilwale+dulhania+le+jayenge+1995/140.mpg"
Movie,"2024-03-08T23:06:11,153817,GET /data/m/dear+zachary+a+letter+to+a+son+about+his+father+2008/67.mpg"
Movie,"2024-03-08T23:06:11,549062,GET /data/m/the+devil+wears+prada+2006/23.mpg"
Movie,"2024-03-08T23:06:11,91399,GET /data/m/dilwale+dulhania+le+jayenge+1995/11.mpg"
Movie,"2024-03-08T23:06:11,399357,GET /data/m/much+ado+about+nothing+1993/103.mpg"
Movie,"2024-03-08T23:06:11,425290,GET /data/m/dilwale+dulhania+le+jayenge+1995/138.mpg"
Movie,"2024-03-08T23:06:11,210077,GET /data/m/dilwale+dulhania+le+jayenge+1995/23.mpg"
Movie,"2024-03-08T23:06:11,191638,GET /data/m/dilwale+dulhania+le+jayenge+1995/125.mpg"
Movie,"2024-03-08T23:06:11,638776,GET /data/m/the+godfather+1972/21.mpg"
Movie,"2024-03-08T23:06:11,57098,GET /data/m/knocked+up+2007/105.mpg"
Movie,"2024-03-08T23:06:11,120177,GET /data/m/one+flew+over+the+cuckoos+nest+1975/133.mpg"
Movie,"2024-03-08T23:06:11,481024,GET /data/m/dilwale+dulhania+le+jayenge+1995/137.mpg"
Movie,"2024-03-08T23:06:11,55665,GET /data/m/the+lord+of+the+rings+the+fellowship+of+the+ring+2001/178.mpg"
Movie,"2024-03-08T23:06:11,108902,GET /data/m/one+flew+over+the+cuckoos+nest+1975/32.mpg"
Movie,"2024-03-08T23:06:11,227771,GET /data/m/dear+zachary+a+letter+to+a+son+about+his+father+2008/24.mpg"
Movie,"2024-03-08T23:06:11,392544,GET /data/m/the+shawshank+redemption+1994/140.mpg"
Movie,"2024-03-08T23:06:11,564497,GET /data/m/the+godfather+1972/129.mpg"
Movie,"2024-03-08T23:06:11,428203,GET /data/m/spirited+away+2001/76.mpg"
Movie,"2024-03-08T23:06:11,6389,GET /data/m/maleficent+2014/48.mpg"
Movie,"2024-03-08T23:06:11,377725,GET /data/m/the+godfather+1972/59.mpg"
Movie,"2024-03-08T23:06:11,257992,GET /data/m/seven+samurai+1954/183.mpg"
Movie,"2024-03-08T23:06:11,322222,GET /data/m/dear+zachary+a+letter+to+a+son+about+his+father+2008/7.mpg"
Movie,"2024-03-08T23:06:11,597117,GET /data/m/the+godfather+1972/143.mpg"
Movie,"2024-03-08T23:06:11,266361,GET /data/m/yesterday_+today+and+tomorrow+1963/69.mpg"
Movie,"2024-03-08T23:06:11,276476,GET /data/m/the+shawshank+redemption+1994/10.mpg"
Movie,"2024-03-08T23:06:11,447912,GET /data/m/psycho+1960/71.mpg"
Movie,"2024-03-08T23:06:11,644027,GET /data/m/waking+sleeping+beauty+2009/59.mpg"
Movie,"2024-03-08T23:06:11,34258,GET /data/m/dilwale+dulhania+le+jayenge+1995/91.mpg"
Movie,"2024-03-08T23:06:11,133886,GET /data/m/the+shawshank+redemption+1994/62.mpg"
Movie,"2024-03-08T23:06:11,543755,GET /data/m/one+flew+over+the+cuckoos+nest+1975/123.mpg"
Movie,"2024-03-08T23:06:11,478917,GET /data/m/the+shawshank+redemption+1994/7.mpg"
Movie,"2024-03-08T23:06:11,454067,GET /data/m/life+is+beautiful+1997/95.mpg"
Movie,"2024-03-08T23:06:11,375096,GET /data/m/the+wicker+man+1973/74.mpg"
Movie,"2024-03-08T23:06:11,173820,GET /data/m/the+shawshank+redemption+1994/127.mpg"
Movie,"2024-03-08T23:06:11,409724,GET /data/m/one+flew+over+the+cuckoos+nest+1975/115.mpg"
Movie,"2024-03-08T23:06:11,378740,GET /data/m/the+godfather+1972/139.mpg"
Movie,"2024-03-08T23:06:11,344987,GET /data/m/the+godfather+1972/173.mpg"
Movie,"2024-03-08T23:06:11,284362,GET /data/m/the+godfather+1972/27.mpg"
Movie,"2024-03-08T23:06:11,68329,GET /data/m/indiana+jones+and+the+last+crusade+1989/40.mpg"
Movie,"2024-03-08T23:06:11,348177,GET /data/m/dilwale+dulhania+le+jayenge+1995/154.mpg"
Movie,"2024-03-08T23:06:11,13525,GET /data/m/von+ryans+express+1965/7.mpg"
Movie,"2024-03-08T23:06:11,281535,GET /data/m/whiplash+2014/59.mpg"
Movie,"2024-03-08T23:06:11,494949,GET /data/m/life+is+beautiful+1997/67.mpg"
Movie,"2024-03-08T23:06:11,510164,GET /data/m/one+flew+over+the+cuckoos+nest+1975/40.mpg"
Movie,"2024-03-08T23:06:11,434616,GET /data/m/hitchcock+2012/89.mpg"
Movie,"2024-03-08T23:06:11,365865,GET /data/m/one+flew+over+the+cuckoos+nest+1975/79.mpg"
Movie,"2024-03-08T23:06:11,219102,GET /data/m/mamma+roma+1962/7.mpg"
Movie,"2024-03-08T23:06:11,566737,GET /data/m/dilwale+dulhania+le+jayenge+1995/32.mpg"
Movie,"2024-03-08T23:06:11,234235,GET /data/m/spirited+away+2001/43.mpg"
Movie,"2024-03-08T23:06:11,642712,GET /data/m/zeitgeist+moving+forward+2011/190.mpg"
Movie,"2024-03-08T23:06:11,197223,GET /data/m/the+godfather+1972/143.mpg"
Movie,"2024-03-08T23:06:11,561328,GET /data/m/the+godfather+1972/134.mpg"
Movie,"2024-03-08T23:06:11,354867,GET /data/m/martial+arts+of+shaolin+1986/3.mpg"
Movie,"2024-03-08T23:06:11,167011,GET /data/m/dilwale+dulhania+le+jayenge+1995/166.mpg"
Movie,"2024-03-08T23:06:11,641448,GET /data/m/dilwale+dulhania+le+jayenge+1995/164.mpg"
Movie,"2024-03-08T23:06:11,257035,GET /data/m/the+lord+of+the+rings+the+fellowship+of+the+ring+2001/158.mpg"
Movie,"2024-03-08T23:06:11,16680,GET /data/m/psycho+1960/44.mpg"
Movie,"2024-03-08T23:06:11,104427,GET /data/m/the+godfather+1972/44.mpg"
Movie,"2024-03-08T23:06:11,223338,GET /data/m/bandit+queen+1994/31.mpg"
Movie,"2024-03-08T23:06:11,163688,GET /data/m/the+godfather+1972/67.mpg"
Movie,"2024-03-08T23:06:11,478650,GET /data/m/the+free+will+2006/32.mpg"
Movie,"2024-03-08T23:06:11,455537,GET /data/m/the+shawshank+redemption+1994/51.mpg"
Movie,"2024-03-08T23:06:11,329903,GET /data/m/charlie+and+the+chocolate+factory+2005/8.mpg"
Movie,"2024-03-08T23:06:11,139698,GET /data/m/iron+man+3+2013/25.mpg"
Movie,"2024-03-08T23:06:11,246771,GET /data/m/the+godfather+1972/60.mpg"
Movie,"2024-03-08T23:06:11,588735,GET /data/m/spirited+away+2001/63.mpg"
Movie,"2024-03-08T23:06:11,489251,GET /data/m/spirited+away+2001/62.mpg"
Movie,"2024-03-08T23:06:11,456099,GET /data/m/the+shawshank+redemption+1994/99.mpg"
Movie,"2024-03-08T23:06:11,515659,GET /data/m/dear+zachary+a+letter+to+a+son+about+his+father+2008/58.mpg"
Movie,"2024-03-08T23:06:11,62366,GET /data/m/dear+zachary+a+letter+to+a+son+about+his+father+2008/50.mpg"
Movie,"2024-03-08T23:06:11,357216,GET /data/m/journey+to+italy+1954/86.mpg"
Movie,"2024-03-08T23:06:11,656404,GET /data/m/the+three+brothers+1995/53.mpg"
Movie,"2024-03-08T23:06:11,377882,GET /data/m/the+godfather+1972/44.mpg"
Movie,"2024-03-08T23:06:11,605144,GET /data/m/the+godfather+1972/97.mpg"
Movie,"2024-03-08T23:06:11,465552,GET /data/m/the+lord+of+the+rings+the+two+towers+2002/67.mpg"
Movie,"2024-03-08T23:06:11,363988,GET /data/m/life+is+beautiful+1997/106.mpg"
Movie,"2024-03-08T23:06:11,44535,GET /data/m/contact+1997/124.mpg"
Movie,"2024-03-08T23:06:11,528406,GET /data/m/the+shawshank+redemption+1994/53.mpg"
Movie,"2024-03-08T23:06:11,119510,GET /data/m/dilwale+dulhania+le+jayenge+1995/27.mpg"
Movie,"2024-03-08T23:06:11,349679,GET /data/m/monsters_+inc.+2001/2.mpg"
Movie,"2024-03-08T23:06:11,60022,GET /data/m/beware+of+pity+1946/82.mpg"
Movie,"2024-03-08T23:06:11,339987,GET /data/m/the+shawshank+redemption+1994/124.mpg"
Movie,"2024-03-08T23:06:11,342856,GET /data/m/shrek+2001/36.mpg"
Movie,"2024-03-08T23:06:11,434273,GET /data/m/dilwale+dulhania+le+jayenge+1995/185.mpg"
Movie,"2024-03-08T23:06:11,21925,GET /data/m/one+flew+over+the+cuckoos+nest+1975/35.mpg"
Movie,"2024-03-08T23:06:11,114676,GET /data/m/the+shawshank+redemption+1994/135.mpg"
Movie,"2024-03-08T23:06:11,457970,GET /data/m/dear+zachary+a+letter+to+a+son+about+his+father+2008/84.mpg"
Movie,"2024-03-08T23:06:11,538413,GET /data/m/the+godfather+1972/133.mpg"
Movie,"2024-03-08T23:06:11,210955,GET /data/m/dilwale+dulhania+le+jayenge+1995/34.mpg"
Movie,"2024-03-08T23:06:11,307645,GET /data/m/diamonds+are+forever+1971/10.mpg"
Movie,"2024-03-08T23:06:11,615345,GET /data/m/the+shawshank+redemption+1994/103.mpg"
Movie,"2024-03-08T23:06:11,637527,GET /data/m/the+shawshank+redemption+1994/133.mpg"
Movie,"2024-03-08T23:06:11,616642,GET /data/m/seal+team+eight+behind+enemy+lines+2014/43.mpg"
Movie,"2024-03-08T23:06:11,309636,GET /data/m/the+godfather+1972/67.mpg"
Movie,"2024-03-08T23:06:11,293154,GET /data/m/the+shawshank+redemption+1994/47.mpg"
Movie,"2024-03-08T23:06:11,6731,GET /data/m/the+fearless+freaks+2005/17.mpg"
Movie,"2024-03-08T23:06:11,846,GET /data/m/les+miserables+1952/95.mpg"
Movie,"2024-03-08T23:06:11,415830,GET /data/m/interstellar+2014/47.mpg"
Movie,"2024-03-08T23:06:11,512716,GET /data/m/the+godfather+part+ii+1974/200.mpg"
Movie,"2024-03-08T23:06:11,462127,GET /data/m/dilwale+dulhania+le+jayenge+1995/61.mpg"
Movie,"2024-03-08T23:06:11,203886,GET /data/m/orders+to+kill+1958/38.mpg"
Movie,"2024-03-08T23:06:11,287483,GET /data/m/boiler+room+2000/35.mpg"
Movie,"2024-03-08T23:06:11,639968,GET /data/m/one+flew+over+the+cuckoos+nest+1975/47.mpg"
Movie,"2024-03-08T23:06:11,565324,GET /data/m/harry+potter+and+the+deathly+hallows+part+1+2010/10.mpg"
Movie,"2024-03-08T23:06:11,227894,GET /data/m/the+godfather+1972/46.mpg"
Movie,"2024-03-08T23:06:11,215230,GET /data/m/antwone+fisher+2002/92.mpg"
Movie,"2024-03-08T23:06:11,427260,GET /data/m/the+shawshank+redemption+1994/135.mpg"
Movie,"2024-03-08T23:06:11,199444,GET /data/m/the+shawshank+redemption+1994/71.mpg"
Movie,"2024-03-08T23:06:11,114665,GET /data/m/bitterly+2013/8.mpg"
Movie,"2024-03-08T23:06:11,256520,GET /data/m/dilwale+dulhania+le+jayenge+1995/190.mpg"
Movie,"2024-03-08T23:06:11,324425,GET /data/m/dances+with+wolves+1990/60.mpg"
Movie,"2024-03-08T23:06:11,659494,GET /data/m/the+brothers+bloom+2008/9.mpg"
Movie,"2024-03-08T23:06:11,538765,GET /data/m/the+godfather+1972/64.mpg"
Movie,"2024-03-08T23:06:11,7154,GET /data/m/the+shawshank+redemption+1994/114.mpg"
Movie,"2024-03-08T23:06:11,394387,GET /data/m/spirited+away+2001/56.mpg"
Movie,"2024-03-08T23:06:11,159044,GET /data/m/one+flew+over+the+cuckoos+nest+1975/77.mpg"
Movie,"2024-03-08T23:06:11,301658,GET /data/m/the+godfather+1972/27.mpg"
Movie,"2024-03-08T23:06:11,161405,GET /data/m/dragon+ball+z+broly+-+the+legendary+super+saiyan+1993/63.mpg"
Movie,"2024-03-08T23:06:11,639917,GET /data/m/shutter+island+2010/21.mpg"
Movie,"2024-03-08T23:06:11,164713,GET /data/m/lifeforce+1985/17.mpg"
Movie,"2024-03-08T23:06:11,144181,GET /data/m/the+godfather+1972/5.mpg"
Movie,"2024-03-08T23:06:11,238546,GET /data/m/dilwale+dulhania+le+jayenge+1995/47.mpg"
Movie,"2024-03-08T23:06:11,485332,GET /data/m/kill+bill+vol.+1+2003/54.mpg"
Movie,"2024-03-08T23:06:11,462873,GET /data/m/dilwale+dulhania+le+jayenge+1995/180.mpg"
Movie,"2024-03-08T23:06:11,205460,GET /data/m/lady+and+the+tramp+ii+scamps+adventure+2001/51.mpg"
Movie,"2024-03-08T23:06:11,102095,GET /data/m/dear+zachary+a+letter+to+a+son+about+his+father+2008/32.mpg"
Movie,"2024-03-08T23:06:11,517198,GET /data/m/the+godfather+1972/56.mpg"
Movie,"2024-03-08T23:06:11,580188,GET /data/m/dilwale+dulhania+le+jayenge+1995/113.mpg"
Movie,"2024-03-08T23:06:11,13472,GET /data/m/the+shawshank+redemption+1994/83.mpg"
Movie,"2024-03-08T23:06:11,191873,GET /data/m/the+lord+of+the+rings+the+two+towers+2002/2.mpg"
Movie,"2024-03-08T23:06:11,292595,GET /data/m/dilwale+dulhania+le+jayenge+1995/144.mpg"
Movie,"2024-03-08T23:06:11,524954,GET /data/m/the+shawshank+redemption+1994/126.mpg"
Movie,"2024-03-08T23:06:11,167683,GET /data/m/the+godfather+1972/18.mpg"
Movie,"2024-03-08T23:06:11,233756,GET /data/m/the+godfather+1972/70.mpg"
Movie,"2024-03-08T23:06:11,72441,GET /data/m/dear+zachary+a+letter+to+a+son+about+his+father+2008/41.mpg"
Movie,"2024-03-08T23:06:11,405073,GET /data/m/whiplash+2014/88.mpg"
Movie,"2024-03-08T23:06:11,313461,GET /data/m/dilwale+dulhania+le+jayenge+1995/129.mpg"
Movie,"2024-03-08T23:06:11,176637,GET /data/m/prime+suspect+1991/153.mpg"
Movie,"2024-03-08T23:06:11,181889,GET /data/m/the+central+park+five+2012/9.mpg"
Movie,"2024-03-08T23:06:11,167088,GET /data/m/the+godfather+part+ii+1974/197.mpg"
Movie,"2024-03-08T23:06:11,590298,GET /data/m/the+godfather+1972/14.mpg"
Movie,"2024-03-08T23:06:11,169883,GET /data/m/sense+and+sensibility+2008/94.mpg"
Movie,"2024-03-08T23:06:11,478059,GET /data/m/dilwale+dulhania+le+jayenge+1995/40.mpg"
Movie,"2024-03-08T23:06:11,119865,GET /data/m/carancho+2010/64.mpg"
Movie,"2024-03-08T23:06:11,548693,GET /data/m/dilwale+dulhania+le+jayenge+1995/104.mpg"
Movie,"2024-03-08T23:06:11,528700,GET /data/m/the+war+2007/327.mpg"
Movie,"2024-03-08T23:06:11,434850,GET /data/m/the+scapegoat+2012/92.mpg"
Movie,"2024-03-08T23:06:11,317095,GET /data/m/dr.+mabuse_+the+gambler+1922/194.mpg"
Movie,"2024-03-08T23:06:11,446927,GET /data/m/the+sword+in+the+stone+1963/38.mpg"
Movie,"2024-03-08T23:06:11,357220,GET /data/m/the+godfather+1972/92.mpg"
Movie,"2024-03-08T23:06:11,366215,GET /data/m/django+unchained+2012/59.mpg"
Movie,"2024-03-08T23:06:11,451862,GET /data/m/the+shawshank+redemption+1994/44.mpg"
Movie,"2024-03-08T23:06:11,229971,GET /data/m/dilwale+dulhania+le+jayenge+1995/111.mpg"
Movie,"2024-03-08T23:06:11,455397,GET /data/m/the+godfather+1972/10.mpg"
Movie,"2024-03-08T23:06:11,267394,GET /data/m/four+minutes+2006/81.mpg"
Movie,"2024-03-08T23:06:11,530645,GET /data/m/forrest+gump+1994/17.mpg"
Movie,"2024-03-08T23:06:11,544883,GET /data/m/the+godfather+1972/88.mpg"
Movie,"2024-03-08T23:06:11,270094,GET /data/m/the+godfather+1972/28.mpg"
Movie,"2024-03-08T23:06:11,232807,GET /data/m/defence+of+the+realm+1986/19.mpg"
Movie,"2024-03-08T23:06:11,492963,GET /data/m/one+flew+over+the+cuckoos+nest+1975/20.mpg"
Movie,"2024-03-08T23:06:11,319799,GET /data/m/the+shawshank+redemption+1994/39.mpg"
Movie,"2024-03-08T23:06:11,528465,GET /data/m/attila+flagello+di+dio+1982/46.mpg"
Movie,"2024-03-08T23:06:11,437887,GET /data/m/dilwale+dulhania+le+jayenge+1995/191.mpg"
Movie,"2024-03-08T23:06:11,315964,GET /data/m/from+russia+with+love+1963/33.mpg"
Movie,"2024-03-08T23:06:11,483967,GET /data/m/one+flew+over+the+cuckoos+nest+1975/105.mpg"
Movie,"2024-03-08T23:06:11,457966,GET /data/m/the+godfather+1972/142.mpg"
Movie,"2024-03-08T23:06:11,221782,GET /data/m/live+2007/1.mpg"
Movie,"2024-03-08T23:06:11,458574,GET /data/m/dilwale+dulhania+le+jayenge+1995/24.mpg"
Movie,"2024-03-08T23:06:11,102124,GET /data/m/the+godfather+1972/101.mpg"
Movie,"2024-03-08T23:06:11,306104,GET /data/m/one+flew+over+the+cuckoos+nest+1975/6.mpg"
Movie,"2024-03-08T23:06:11,115932,GET /data/m/dilwale+dulhania+le+jayenge+1995/88.mpg"
Movie,"2024-03-08T23:06:11,142960,GET /data/m/one+flew+over+the+cuckoos+nest+1975/18.mpg"
Movie,"2024-03-08T23:06:11,461270,GET /data/m/one+flew+over+the+cuckoos+nest+1975/34.mpg"
Movie,"2024-03-08T23:06:11,567055,GET /data/m/harry+potter+and+the+philosophers+stone+2001/52.mpg"
Movie,"2024-03-08T23:06:11,648561,GET /data/m/dirty+ho+1979/47.mpg"
Movie,"2024-03-08T23:06:11,21071,GET /data/m/chinese+coffee+2000/49.mpg"
Movie,"2024-03-08T23:06:11,65695,GET /data/m/dear+zachary+a+letter+to+a+son+about+his+father+2008/32.mpg"
Movie,"2024-03-08T23:06:11,616705,GET /data/m/the+shawshank+redemption+1994/65.mpg"
Movie,"2024-03-08T23:06:11,654526,GET /data/m/the+shawshank+redemption+1994/50.mpg"
Movie,"2024-03-08T23:06:11,202795,GET /data/m/the+staircase+2004/75.mpg"
Movie,"2024-03-08T23:06:11,585591,GET /data/m/the+shawshank+redemption+1994/80.mpg"
Movie,"2024-03-08T23:06:11,148082,GET /data/m/the+godfather+1972/153.mpg"
Movie,"2024-03-08T23:06:11,512249,GET /data/m/whiplash+2014/97.mpg"
Movie,"2024-03-08T23:06:11,64144,GET /data/m/one+flew+over+the+cuckoos+nest+1975/63.mpg"
Movie,"2024-03-08T23:06:11,222832,GET /data/m/jesse+stone+night+passage+2006/69.mpg"
Movie,"2024-03-08T23:06:11,144745,GET /data/m/the+rules+of+the+game+1939/72.mpg"
Movie,"2024-03-08T23:06:11,370173,GET /data/m/my+girlfriend+is+an+agent+2009/80.mpg"
Movie,"2024-03-08T23:06:11,167969,GET /data/m/one+flew+over+the+cuckoos+nest+1975/68.mpg"
Movie,"2024-03-08T23:06:11,165136,GET /data/m/dilwale+dulhania+le+jayenge+1995/156.mpg"
Movie,"2024-03-08T23:06:11,525365,GET /data/m/one+flew+over+the+cuckoos+nest+1975/118.mpg"
Movie,"2024-03-08T23:06:11,30407,GET /data/m/crimes+of+passion+1984/57.mpg"
Movie,"2024-03-08T23:06:11,83597,GET /data/m/die+hard+1988/115.mpg"
Movie,"2024-03-08T23:06:11,524958,GET /data/m/dilwale+dulhania+le+jayenge+1995/36.mpg"
Movie,"2024-03-08T23:06:11,184016,GET /data/m/the+godfather+1972/77.mpg"
Movie,"2024-03-08T23:06:11,367835,GET /data/m/i+shot+jesse+james+1949/62.mpg"
Movie,"2024-03-08T23:06:11,139225,GET /data/m/the+godfather+1972/4.mpg"
Movie,"2024-03-08T23:06:11,556289,GET /data/m/dilwale+dulhania+le+jayenge+1995/118.mpg"
Movie,"2024-03-08T23:06:11,606873,GET /data/m/se7en+1995/80.mpg"
Movie,"2024-03-08T23:06:11,346626,GET /data/m/the+godfather+1972/40.mpg"
Movie,"2024-03-08T23:06:11,198573,GET /data/m/the+illusionist+2010/81.mpg"
Movie,"2024-03-08T23:06:11,502993,GET /data/m/one+flew+over+the+cuckoos+nest+1975/111.mpg"
Movie,"2024-03-08T23:06:11,389666,GET /data/m/dilwale+dulhania+le+jayenge+1995/74.mpg"
Movie,"2024-03-08T23:06:11,444149,GET /data/m/the+shawshank+redemption+1994/118.mpg"
Movie,"2024-03-08T23:06:11,365850,GET /data/m/the+shawshank+redemption+1994/74.mpg"
Movie,"2024-03-08T23:06:11,130457,GET /data/m/the+shawshank+redemption+1994/47.mpg"
Movie,"2024-03-08T23:06:11,469820,GET /data/m/paint+your+wagon+1969/99.mpg"
Movie,"2024-03-08T23:06:11,114936,GET /data/m/the+arrival+of+wang+2012/41.mpg"
Movie,"2024-03-08T23:06:11,505656,GET /data/m/the+dark+knight+2008/130.mpg"
Movie,"2024-03-08T23:06:11,244823,GET /data/m/assassins+1995/104.mpg"
Movie,"2024-03-08T23:06:11,574423,GET /data/m/the+shawshank+redemption+1994/8.mpg"
Movie,"2024-03-08T23:06:11,493679,GET /data/m/the+godfather+1972/86.mpg"
Movie,"2024-03-08T23:06:11,230704,GET /data/m/little+manhattan+2005/14.mpg"
Movie,"2024-03-08T23:06:11,591131,GET /data/m/the+godfather+1972/31.mpg"
Movie,"2024-03-08T23:06:11,619400,GET /data/m/the+shawshank+redemption+1994/50.mpg"
Movie,"2024-03-08T23:06:11,65796,GET /data/m/home+2009/35.mpg"
Movie,"2024-03-08T23:06:11,221752,GET /data/m/the+shawshank+redemption+1994/96.mpg"
Movie,"2024-03-08T23:06:11,499888,GET /data/m/the+godfather+1972/116.mpg"
Movie,"2024-03-08T23:06:11,401795,GET /data/m/dilwale+dulhania+le+jayenge+1995/86.mpg"
Movie,"2024-03-08T23:06:11,483988,GET /data/m/one+flew+over+the+cuckoos+nest+1975/56.mpg"
Movie,"2024-03-08T23:06:11,527942,GET /data/m/the+godfather+1972/86.mpg"
Movie,"2024-03-08T23:06:11,1286,GET /data/m/spirited+away+2001/119.mpg"
Movie,"2024-03-08T23:06:11,553731,GET /data/m/the+godfather+1972/52.mpg"
Movie,"2024-03-08T23:06:11,380645,GET /data/m/dilwale+dulhania+le+jayenge+1995/51.mpg"
Movie,"2024-03-08T23:06:11,609012,GET /data/m/the+godfather+1972/50.mpg"
Movie,"2024-03-08T23:06:11,184944,GET /data/m/fight+club+1999/115.mpg"
Movie,"2024-03-08T23:06:11,554874,GET /data/m/dilwale+dulhania+le+jayenge+1995/1.mpg"
Movie,"2024-03-08T23:06:11,80373,GET /data/m/taxi+for+tobruk+1961/82.mpg"
Movie,"2024-03-08T23:06:11,304349,GET /data/m/the+shawshank+redemption+1994/20.mpg"
Movie,"2024-03-08T23:06:11,484798,GET /data/m/fight+club+1999/89.mpg"
Movie,"2024-03-08T23:06:11,394094,GET /data/m/the+godfather+1972/75.mpg"
Movie,"2024-03-08T23:06:11,144411,GET /data/m/one+flew+over+the+cuckoos+nest+1975/8.mpg"
Movie,"2024-03-08T23:06:11,330543,GET /data/m/the+shawshank+redemption+1994/107.mpg"
Movie,"2024-03-08T23:06:11,278903,GET /data/m/leon+the+professional+1994/37.mpg"
Movie,"2024-03-08T23:06:11,80742,GET /data/m/one+flew+over+the+cuckoos+nest+1975/17.mpg"
Movie,"2024-03-08T23:06:11,521360,GET /data/m/ma+2011/3.mpg"
Movie,"2024-03-08T23:06:11,563759,GET /data/m/the+godfather+1972/121.mpg"
Movie,"2024-03-08T23:06:11,61797,GET /data/m/spirited+away+2001/5.mpg"
Movie,"2024-03-08T23:06:11,537241,GET /data/m/the+godfather+1972/2.mpg"
Movie,"2024-03-08T23:06:11,90717,GET /data/m/dilwale+dulhania+le+jayenge+1995/58.mpg"
Movie,"2024-03-08T23:06:11,632589,GET /data/m/dear+zachary+a+letter+to+a+son+about+his+father+2008/81.mpg"
Movie,"2024-03-08T23:06:11,284565,GET /data/m/dilwale+dulhania+le+jayenge+1995/94.mpg"
Movie,"2024-03-08T23:06:11,196686,GET /data/m/the+godfather+1972/75.mpg"
Movie,"2024-03-08T23:06:11,304900,GET /data/m/the+shawshank+redemption+1994/46.mpg"
Movie,"2024-03-08T23:06:11,237064,GET /data/m/the+godfather+1972/58.mpg"
Movie,"2024-03-08T23:06:11,223487,GET /data/m/counsellor+at+law+1933/60.mpg"
Movie,"2024-03-08T23:06:11,490673,GET /data/m/one+flew+over+the+cuckoos+nest+1975/52.mpg"
Movie,"2024-03-08T23:06:11,69725,GET /data/m/as+it+is+in+heaven+2004/67.mpg"
Movie,"2024-03-08T23:06:11,616095,GET /data/m/dilwale+dulhania+le+jayenge+1995/171.mpg"
Movie,"2024-03-08T23:06:11,565547,GET /data/m/dilwale+dulhania+le+jayenge+1995/79.mpg"
Movie,"2024-03-08T23:06:11,304567,GET /data/m/tsatsiki+1999/59.mpg"
Movie,"2024-03-08T23:06:11,270952,GET /data/m/the+godfather+1972/88.mpg"
Movie,"2024-03-08T23:06:11,331253,GET /data/m/the+godfather+1972/1.mpg"
Movie,"2024-03-08T23:06:11,247620,GET /data/m/dilwale+dulhania+le+jayenge+1995/82.mpg"
Movie,"2024-03-08T23:06:11,102459,GET /data/m/dilwale+dulhania+le+jayenge+1995/89.mpg"
Movie,"2024-03-08T23:06:11,139910,GET /data/m/kitchen+stories+2003/25.mpg"
Movie,"2024-03-08T23:06:11,365057,GET /data/m/evelyn+2002/39.mpg"
Movie,"2024-03-08T23:06:11,531934,GET /data/m/the+shawshank+redemption+1994/108.mpg"
Movie,"2024-03-08T23:06:11,207002,GET /data/m/elmer+gantry+1960/127.mpg"
Movie,"2024-03-08T23:06:11,173630,GET /data/m/terrorstorm+a+history+of+government-sponsored+terrorism+2006/10.mpg"
Movie,"2024-03-08T23:06:11,346048,GET /data/m/rent+filmed+live+on+broadway+2008/101.mpg"
Movie,"2024-03-08T23:06:11,567787,GET /data/m/dilwale+dulhania+le+jayenge+1995/82.mpg"
Movie,"2024-03-08T23:06:11,296826,GET /data/m/the+shawshank+redemption+1994/49.mpg"
Movie,"2024-03-08T23:06:11,600191,GET /data/m/dear+zachary+a+letter+to+a+son+about+his+father+2008/85.mpg"
Movie,"2024-03-08T23:06:11,294352,GET /data/m/aladdin+1992/64.mpg"
Movie,"2024-03-08T23:06:11,543208,GET /data/m/one+flew+over+the+cuckoos+nest+1975/67.mpg"
Movie,"2024-03-08T23:06:11,537150,GET /data/m/dilwale+dulhania+le+jayenge+1995/13.mpg"
Movie,"2024-03-08T23:06:11,90928,GET /data/m/the+lord+of+the+rings+the+two+towers+2002/47.mpg"
Movie,"2024-03-08T23:06:11,587313,GET /data/m/psycho+1960/84.mpg"
Movie,"2024-03-08T23:06:11,306416,GET /data/m/sholay+1975/70.mpg"
Movie,"2024-03-08T23:06:11,29590,GET /data/m/batman+the+dark+knight+returns_+part+1+2012/48.mpg"
Movie,"2024-03-08T23:06:11,363335,GET /data/m/life+is+beautiful+1997/108.mpg"
Movie,"2024-03-08T23:06:11,379689,GET /data/m/aladdin+1992/45.mpg"
Movie,"2024-03-08T23:06:11,231334,GET /data/m/dilwale+dulhania+le+jayenge+1995/114.mpg"
Movie,"2024-03-08T23:06:11,593126,GET /data/m/the+shawshank+redemption+1994/88.mpg"
Movie,"2024-03-08T23:06:11,267389,GET /data/m/the+godfather+1972/76.mpg"
Movie,"2024-03-08T23:06:11,575231,GET /data/m/the+godfather+1972/106.mpg"
Movie,"2024-03-08T23:06:11,341501,GET /data/m/the+imitation+game+2014/4.mpg"
Movie,"2024-03-08T23:06:11,204231,GET /data/m/dilwale+dulhania+le+jayenge+1995/98.mpg"
Movie,"2024-03-08T23:06:11,126541,GET /data/m/the+shawshank+redemption+1994/1.mpg"
